match_id,true_label,predicted_class,predicted_score,model,fold,seed,gate_value,cohort
3825637,1,1,0.708175003528595,TF-NN,1,142,,elite
3825638,1,1,0.6114267706871033,TF-NN,1,142,,elite
3825639,0,0,0.2271604835987091,TF-NN,1,142,,elite
3825640,0,0,0.15019629895687103,TF-NN,1,142,,elite
3825641,1,1,0.5634580254554749,TF-NN,1,142,,elite
3825642,0,0,0.2116982489824295,TF-NN,1,142,,elite
3825643,1,1,0.7908909916877747,TF-NN,1,142,,elite
3825644,0,0,0.2640751004219055,TF-NN,1,142,,elite
3825645,0,0,0.07776519656181335,TF-NN,1,142,,elite
3825646,1,0,0.3052200675010681,TF-NN,1,142,,elite
3825647,1,1,0.506862223148346,TF-NN,1,142,,elite
3825648,1,0,0.13318318128585815,TF-NN,1,142,,elite
3825649,1,0,0.17199449241161346,TF-NN,1,142,,elite
3825650,0,0,0.40098756551742554,TF-NN,1,142,,elite
3825651,0,0,0.2646400034427643,TF-NN,1,142,,elite
3825652,1,0,0.24650464951992035,TF-NN,1,142,,elite
3825653,1,0,0.44159650802612305,TF-NN,1,142,,elite
3825654,0,0,0.3447968661785126,TF-NN,1,142,,elite
3825655,1,0,0.23026694357395172,TF-NN,1,142,,elite
3825656,0,0,0.2567710280418396,TF-NN,1,142,,elite
3825657,0,0,0.22273039817810059,TF-NN,1,142,,elite
3825658,1,1,0.51805579662323,TF-NN,1,142,,elite
3825659,1,0,0.10235251486301422,TF-NN,1,142,,elite
3825660,1,1,0.9232855439186096,TF-NN,1,142,,elite
3825661,1,0,0.43727540969848633,TF-NN,1,142,,elite
266424,0,0,0.23308676481246948,TF-NN,1,142,,elite
3825662,1,0,0.17033055424690247,TF-NN,1,142,,elite
3825663,1,0,0.16328221559524536,TF-NN,1,142,,elite
3825664,1,0,0.42176902294158936,TF-NN,1,142,,elite
3825888,0,0,0.3037685751914978,TF-NN,1,142,,elite
3825665,1,0,0.12354253977537155,TF-NN,1,142,,elite
3825666,0,0,0.16521218419075012,TF-NN,1,142,,elite
3825667,0,0,0.3414251208305359,TF-NN,1,142,,elite
3825668,0,0,0.3379508852958679,TF-NN,1,142,,elite
3825669,0,0,0.17268213629722595,TF-NN,1,142,,elite
3825670,0,0,0.30997493863105774,TF-NN,1,142,,elite
266885,1,1,0.7404313087463379,TF-NN,1,142,,elite
3825671,1,0,0.42178523540496826,TF-NN,1,142,,elite
3825672,0,0,0.2255127727985382,TF-NN,1,142,,elite
3825673,0,0,0.3779088854789734,TF-NN,1,142,,elite
3825674,1,1,0.7150368690490723,TF-NN,1,142,,elite
3825675,0,0,0.43090954422950745,TF-NN,1,142,,elite
3825676,1,0,0.25157368183135986,TF-NN,1,142,,elite
3825677,1,0,0.3434452414512634,TF-NN,1,142,,elite
3825678,0,0,0.1278231143951416,TF-NN,1,142,,elite
267274,0,0,0.1571325957775116,TF-NN,1,142,,elite
3825679,0,1,0.5880035758018494,TF-NN,1,142,,elite
3825680,0,0,0.14724265038967133,TF-NN,1,142,,elite
3825681,1,1,0.8785112500190735,TF-NN,1,142,,elite
3825682,0,0,0.3845771551132202,TF-NN,1,142,,elite
3825683,1,1,0.5750732421875,TF-NN,1,142,,elite
3825684,1,0,0.32757750153541565,TF-NN,1,142,,elite
3825685,1,0,0.4976049065589905,TF-NN,1,142,,elite
3825686,0,0,0.13970914483070374,TF-NN,1,142,,elite
3825687,0,0,0.191518172621727,TF-NN,1,142,,elite
3825688,0,0,0.09487804770469666,TF-NN,1,142,,elite
266961,0,1,0.8491743803024292,TF-NN,1,142,,elite
3825689,1,0,0.3664343059062958,TF-NN,1,142,,elite
3825690,1,1,0.530886173248291,TF-NN,1,142,,elite
3825691,0,0,0.1356634497642517,TF-NN,1,142,,elite
3825692,1,0,0.38007286190986633,TF-NN,1,142,,elite
3825693,1,0,0.22638370096683502,TF-NN,1,142,,elite
3825694,0,1,0.5629314184188843,TF-NN,1,142,,elite
3825695,1,0,0.24116024374961853,TF-NN,1,142,,elite
3825696,0,0,0.21614238619804382,TF-NN,1,142,,elite
3825697,0,0,0.3480176329612732,TF-NN,1,142,,elite
3825698,1,0,0.3375095725059509,TF-NN,1,142,,elite
3825699,0,0,0.16174325346946716,TF-NN,1,142,,elite
3825891,1,0,0.25234729051589966,TF-NN,1,142,,elite
3825700,1,1,0.8987525701522827,TF-NN,1,142,,elite
3825701,1,0,0.41355204582214355,TF-NN,1,142,,elite
3825702,0,1,0.6762554049491882,TF-NN,1,142,,elite
3825703,1,0,0.4873269200325012,TF-NN,1,142,,elite
3825704,0,0,0.13857892155647278,TF-NN,1,142,,elite
267327,1,1,0.8829193711280823,TF-NN,1,142,,elite
3825705,1,0,0.2671675384044647,TF-NN,1,142,,elite
3825706,0,0,0.27246978878974915,TF-NN,1,142,,elite
3825707,1,0,0.3127310276031494,TF-NN,1,142,,elite
3825708,0,0,0.11542809009552002,TF-NN,1,142,,elite
3825709,1,1,0.5309403538703918,TF-NN,1,142,,elite
3825710,1,1,0.8207808136940002,TF-NN,1,142,,elite
3825711,0,0,0.18410183489322662,TF-NN,1,142,,elite
3825712,0,0,0.19304916262626648,TF-NN,1,142,,elite
3825713,1,0,0.19027061760425568,TF-NN,1,142,,elite
266670,0,0,0.0835956335067749,TF-NN,1,142,,elite
3825714,1,0,0.23882032930850983,TF-NN,1,142,,elite
3825715,1,0,0.42975616455078125,TF-NN,1,142,,elite
3825716,0,0,0.12401347607374191,TF-NN,1,142,,elite
3825717,1,0,0.1958063840866089,TF-NN,1,142,,elite
3825718,0,0,0.40769967436790466,TF-NN,1,142,,elite
3825719,0,0,0.26773715019226074,TF-NN,1,142,,elite
3825720,0,0,0.4267408847808838,TF-NN,1,142,,elite
3825721,0,0,0.3130902647972107,TF-NN,1,142,,elite
3825722,0,0,0.2804403305053711,TF-NN,1,142,,elite
266620,1,1,0.9379238486289978,TF-NN,1,142,,elite
3825723,1,0,0.10588176548480988,TF-NN,1,142,,elite
3825724,1,1,0.8429638147354126,TF-NN,1,142,,elite
3825725,1,0,0.2072676122188568,TF-NN,1,142,,elite
3825726,1,0,0.29399538040161133,TF-NN,1,142,,elite
3825727,1,1,0.548499584197998,TF-NN,1,142,,elite
3825728,0,0,0.23924130201339722,TF-NN,1,142,,elite
3825729,1,0,0.21289841830730438,TF-NN,1,142,,elite
3825730,1,1,0.8155373334884644,TF-NN,1,142,,elite
3825731,0,0,0.22264380753040314,TF-NN,1,142,,elite
3825732,1,1,0.705029308795929,TF-NN,1,142,,elite
3825733,1,0,0.30187392234802246,TF-NN,1,142,,elite
3825734,0,1,0.8492921590805054,TF-NN,1,142,,elite
3825735,0,0,0.29251590371131897,TF-NN,1,142,,elite
266149,1,1,0.8945290446281433,TF-NN,1,142,,elite
3825736,0,0,0.21918416023254395,TF-NN,1,142,,elite
3825737,1,0,0.3453713357448578,TF-NN,1,142,,elite
3825738,0,0,0.28938931226730347,TF-NN,1,142,,elite
3825739,1,1,0.8309116363525391,TF-NN,1,142,,elite
3825740,1,0,0.30326345562934875,TF-NN,1,142,,elite
3825741,1,1,0.7114015221595764,TF-NN,1,142,,elite
265894,0,0,0.22425173223018646,TF-NN,1,142,,elite
3825742,1,1,0.6161268949508667,TF-NN,1,142,,elite
3825743,1,1,0.61754310131073,TF-NN,1,142,,elite
3825744,0,0,0.2036706656217575,TF-NN,1,142,,elite
3825745,0,0,0.2978065013885498,TF-NN,1,142,,elite
3825746,0,0,0.1151697114109993,TF-NN,1,142,,elite
3825747,1,0,0.19767141342163086,TF-NN,1,142,,elite
3825748,0,1,0.6291568875312805,TF-NN,1,142,,elite
3825749,1,0,0.16743023693561554,TF-NN,1,142,,elite
267576,1,1,0.574661910533905,TF-NN,1,142,,elite
3825750,1,0,0.14411278069019318,TF-NN,1,142,,elite
3825751,0,0,0.22423751652240753,TF-NN,1,142,,elite
3825752,0,0,0.16659896075725555,TF-NN,1,142,,elite
3825753,1,1,0.6033427119255066,TF-NN,1,142,,elite
3825754,1,0,0.4196549952030182,TF-NN,1,142,,elite
3825755,0,1,0.7147189974784851,TF-NN,1,142,,elite
3825756,1,1,0.5641219019889832,TF-NN,1,142,,elite
3825757,1,1,0.8960480093955994,TF-NN,1,142,,elite
3825758,0,0,0.43611443042755127,TF-NN,1,142,,elite
3825759,1,0,0.46398845314979553,TF-NN,1,142,,elite
3825760,1,0,0.17055673897266388,TF-NN,1,142,,elite
3825761,0,0,0.1683616042137146,TF-NN,1,142,,elite
3825762,0,0,0.20138941705226898,TF-NN,1,142,,elite
3825763,1,1,0.6196890473365784,TF-NN,1,142,,elite
266160,0,0,0.21196217834949493,TF-NN,1,142,,elite
3825764,0,0,0.274547278881073,TF-NN,1,142,,elite
3825765,0,1,0.7652078866958618,TF-NN,1,142,,elite
3825766,1,0,0.20457309484481812,TF-NN,1,142,,elite
3825767,0,0,0.17150095105171204,TF-NN,1,142,,elite
3825768,0,0,0.3288891017436981,TF-NN,1,142,,elite
3825769,1,0,0.23361386358737946,TF-NN,1,142,,elite
3825770,1,1,0.8397064805030823,TF-NN,1,142,,elite
3825771,0,0,0.49833688139915466,TF-NN,1,142,,elite
3825772,1,0,0.2642870545387268,TF-NN,1,142,,elite
266254,1,1,0.8836997151374817,TF-NN,1,142,,elite
3825773,1,1,0.5584384202957153,TF-NN,1,142,,elite
3825774,0,0,0.3823355436325073,TF-NN,1,142,,elite
3825775,1,0,0.2716301381587982,TF-NN,1,142,,elite
3825776,1,0,0.2957177460193634,TF-NN,1,142,,elite
266815,0,0,0.10992192476987839,TF-NN,1,142,,elite
3825777,1,0,0.27085721492767334,TF-NN,1,142,,elite
267273,0,0,0.437614381313324,TF-NN,1,142,,elite
3825778,0,0,0.47568678855895996,TF-NN,1,142,,elite
3825779,1,1,0.7727401852607727,TF-NN,1,142,,elite
3825780,1,0,0.30365991592407227,TF-NN,1,142,,elite
3825781,0,0,0.35761356353759766,TF-NN,1,142,,elite
3825782,0,0,0.3041580319404602,TF-NN,1,142,,elite
3825783,0,0,0.19127307832241058,TF-NN,1,142,,elite
3825784,0,0,0.30218732357025146,TF-NN,1,142,,elite
3825785,0,0,0.2530208230018616,TF-NN,1,142,,elite
3825786,0,0,0.12106616795063019,TF-NN,1,142,,elite
3825637,1,1,0.7335630059242249,TF-Hybrid,1,142,0.4863579273223877,elite
3825638,1,1,0.5322884321212769,TF-Hybrid,1,142,0.4863579273223877,elite
3825639,0,0,0.3351767659187317,TF-Hybrid,1,142,0.4863579273223877,elite
3825640,0,0,0.3627852499485016,TF-Hybrid,1,142,0.4863579273223877,elite
3825641,1,1,0.5922133326530457,TF-Hybrid,1,142,0.4863579273223877,elite
3825642,0,0,0.18187128007411957,TF-Hybrid,1,142,0.4863579273223877,elite
3825643,1,1,0.7476363778114319,TF-Hybrid,1,142,0.4863579273223877,elite
3825644,0,1,0.5528532862663269,TF-Hybrid,1,142,0.4863579273223877,elite
3825645,0,0,0.10673434287309647,TF-Hybrid,1,142,0.4863579273223877,elite
3825646,1,0,0.10513892024755478,TF-Hybrid,1,142,0.4863579273223877,elite
3825647,1,0,0.46614915132522583,TF-Hybrid,1,142,0.4863579273223877,elite
3825648,1,0,0.23824149370193481,TF-Hybrid,1,142,0.4863579273223877,elite
3825649,1,0,0.2316950112581253,TF-Hybrid,1,142,0.4863579273223877,elite
3825650,0,0,0.3049130141735077,TF-Hybrid,1,142,0.4863579273223877,elite
3825651,0,1,0.5893864035606384,TF-Hybrid,1,142,0.4863579273223877,elite
3825652,1,0,0.20351269841194153,TF-Hybrid,1,142,0.4863579273223877,elite
3825653,1,1,0.749403178691864,TF-Hybrid,1,142,0.4863579273223877,elite
3825654,0,1,0.5599508285522461,TF-Hybrid,1,142,0.4863579273223877,elite
3825655,1,1,0.559776246547699,TF-Hybrid,1,142,0.4863579273223877,elite
3825656,0,0,0.2938903272151947,TF-Hybrid,1,142,0.4863579273223877,elite
3825657,0,0,0.4672299325466156,TF-Hybrid,1,142,0.4863579273223877,elite
3825658,1,1,0.667689859867096,TF-Hybrid,1,142,0.4863579273223877,elite
3825659,1,1,0.5436040759086609,TF-Hybrid,1,142,0.4863579273223877,elite
3825660,1,1,0.7622970342636108,TF-Hybrid,1,142,0.4863579273223877,elite
3825661,1,1,0.664360761642456,TF-Hybrid,1,142,0.4863579273223877,elite
266424,0,0,0.4353370666503906,TF-Hybrid,1,142,0.4863579273223877,elite
3825662,1,0,0.2441207319498062,TF-Hybrid,1,142,0.4863579273223877,elite
3825663,1,0,0.15167200565338135,TF-Hybrid,1,142,0.4863579273223877,elite
3825664,1,1,0.5662075877189636,TF-Hybrid,1,142,0.4863579273223877,elite
3825888,0,1,0.7271032929420471,TF-Hybrid,1,142,0.4863579273223877,elite
3825665,1,0,0.17675137519836426,TF-Hybrid,1,142,0.4863579273223877,elite
3825666,0,0,0.11772691458463669,TF-Hybrid,1,142,0.4863579273223877,elite
3825667,0,0,0.18812862038612366,TF-Hybrid,1,142,0.4863579273223877,elite
3825668,0,0,0.3019251823425293,TF-Hybrid,1,142,0.4863579273223877,elite
3825669,0,0,0.08389845490455627,TF-Hybrid,1,142,0.4863579273223877,elite
3825670,0,1,0.5948562026023865,TF-Hybrid,1,142,0.4863579273223877,elite
266885,1,1,0.8251943588256836,TF-Hybrid,1,142,0.4863579273223877,elite
3825671,1,0,0.48152029514312744,TF-Hybrid,1,142,0.4863579273223877,elite
3825672,0,0,0.4373060166835785,TF-Hybrid,1,142,0.4863579273223877,elite
3825673,0,0,0.47118550539016724,TF-Hybrid,1,142,0.4863579273223877,elite
3825674,1,1,0.5365440845489502,TF-Hybrid,1,142,0.4863579273223877,elite
3825675,0,0,0.16601788997650146,TF-Hybrid,1,142,0.4863579273223877,elite
3825676,1,1,0.5132622718811035,TF-Hybrid,1,142,0.4863579273223877,elite
3825677,1,0,0.2682812809944153,TF-Hybrid,1,142,0.4863579273223877,elite
3825678,0,0,0.35036739706993103,TF-Hybrid,1,142,0.4863579273223877,elite
267274,0,0,0.06707976758480072,TF-Hybrid,1,142,0.4863579273223877,elite
3825679,0,0,0.26059237122535706,TF-Hybrid,1,142,0.4863579273223877,elite
3825680,0,0,0.27901482582092285,TF-Hybrid,1,142,0.4863579273223877,elite
3825681,1,1,0.6211256980895996,TF-Hybrid,1,142,0.4863579273223877,elite
3825682,0,0,0.22580526769161224,TF-Hybrid,1,142,0.4863579273223877,elite
3825683,1,0,0.47196176648139954,TF-Hybrid,1,142,0.4863579273223877,elite
3825684,1,0,0.3309563100337982,TF-Hybrid,1,142,0.4863579273223877,elite
3825685,1,0,0.4516075849533081,TF-Hybrid,1,142,0.4863579273223877,elite
3825686,0,0,0.24386261403560638,TF-Hybrid,1,142,0.4863579273223877,elite
3825687,0,0,0.10238464176654816,TF-Hybrid,1,142,0.4863579273223877,elite
3825688,0,0,0.36894625425338745,TF-Hybrid,1,142,0.4863579273223877,elite
266961,0,1,0.7563186287879944,TF-Hybrid,1,142,0.4863579273223877,elite
3825689,1,1,0.5116328597068787,TF-Hybrid,1,142,0.4863579273223877,elite
3825690,1,0,0.36206522583961487,TF-Hybrid,1,142,0.4863579273223877,elite
3825691,0,0,0.4609586000442505,TF-Hybrid,1,142,0.4863579273223877,elite
3825692,1,0,0.36128348112106323,TF-Hybrid,1,142,0.4863579273223877,elite
3825693,1,0,0.41648390889167786,TF-Hybrid,1,142,0.4863579273223877,elite
3825694,0,1,0.7365294098854065,TF-Hybrid,1,142,0.4863579273223877,elite
3825695,1,0,0.2915942966938019,TF-Hybrid,1,142,0.4863579273223877,elite
3825696,0,0,0.22311323881149292,TF-Hybrid,1,142,0.4863579273223877,elite
3825697,0,0,0.09555445611476898,TF-Hybrid,1,142,0.4863579273223877,elite
3825698,1,1,0.5530538558959961,TF-Hybrid,1,142,0.4863579273223877,elite
3825699,0,0,0.22982873022556305,TF-Hybrid,1,142,0.4863579273223877,elite
3825891,1,0,0.1854112595319748,TF-Hybrid,1,142,0.4863579273223877,elite
3825700,1,1,0.8873194456100464,TF-Hybrid,1,142,0.4863579273223877,elite
3825701,1,0,0.280537873506546,TF-Hybrid,1,142,0.4863579273223877,elite
3825702,0,0,0.4956579804420471,TF-Hybrid,1,142,0.4863579273223877,elite
3825703,1,1,0.5213517546653748,TF-Hybrid,1,142,0.4863579273223877,elite
3825704,0,0,0.36766210198402405,TF-Hybrid,1,142,0.4863579273223877,elite
267327,1,1,0.7669554352760315,TF-Hybrid,1,142,0.4863579273223877,elite
3825705,1,0,0.4609680473804474,TF-Hybrid,1,142,0.4863579273223877,elite
3825706,0,0,0.10252948850393295,TF-Hybrid,1,142,0.4863579273223877,elite
3825707,1,0,0.3902093172073364,TF-Hybrid,1,142,0.4863579273223877,elite
3825708,0,0,0.15446403622627258,TF-Hybrid,1,142,0.4863579273223877,elite
3825709,1,1,0.5710042715072632,TF-Hybrid,1,142,0.4863579273223877,elite
3825710,1,1,0.8434181213378906,TF-Hybrid,1,142,0.4863579273223877,elite
3825711,0,0,0.18410104513168335,TF-Hybrid,1,142,0.4863579273223877,elite
3825712,0,0,0.19085800647735596,TF-Hybrid,1,142,0.4863579273223877,elite
3825713,1,0,0.472457617521286,TF-Hybrid,1,142,0.4863579273223877,elite
266670,0,0,0.14292797446250916,TF-Hybrid,1,142,0.4863579273223877,elite
3825714,1,1,0.568878173828125,TF-Hybrid,1,142,0.4863579273223877,elite
3825715,1,1,0.550585925579071,TF-Hybrid,1,142,0.4863579273223877,elite
3825716,0,0,0.30382877588272095,TF-Hybrid,1,142,0.4863579273223877,elite
3825717,1,0,0.23029832541942596,TF-Hybrid,1,142,0.4863579273223877,elite
3825718,0,0,0.0971834808588028,TF-Hybrid,1,142,0.4863579273223877,elite
3825719,0,1,0.5847185254096985,TF-Hybrid,1,142,0.4863579273223877,elite
3825720,0,0,0.13543012738227844,TF-Hybrid,1,142,0.4863579273223877,elite
3825721,0,0,0.281902939081192,TF-Hybrid,1,142,0.4863579273223877,elite
3825722,0,0,0.4311985671520233,TF-Hybrid,1,142,0.4863579273223877,elite
266620,1,1,0.8212811350822449,TF-Hybrid,1,142,0.4863579273223877,elite
3825723,1,0,0.2898891568183899,TF-Hybrid,1,142,0.4863579273223877,elite
3825724,1,1,0.8046838641166687,TF-Hybrid,1,142,0.4863579273223877,elite
3825725,1,0,0.438189297914505,TF-Hybrid,1,142,0.4863579273223877,elite
3825726,1,0,0.42595651745796204,TF-Hybrid,1,142,0.4863579273223877,elite
3825727,1,1,0.6621401906013489,TF-Hybrid,1,142,0.4863579273223877,elite
3825728,0,0,0.09207548946142197,TF-Hybrid,1,142,0.4863579273223877,elite
3825729,1,0,0.4450381398200989,TF-Hybrid,1,142,0.4863579273223877,elite
3825730,1,1,0.6289877891540527,TF-Hybrid,1,142,0.4863579273223877,elite
3825731,0,0,0.22334542870521545,TF-Hybrid,1,142,0.4863579273223877,elite
3825732,1,0,0.323984295129776,TF-Hybrid,1,142,0.4863579273223877,elite
3825733,1,0,0.43909507989883423,TF-Hybrid,1,142,0.4863579273223877,elite
3825734,0,1,0.7765842080116272,TF-Hybrid,1,142,0.4863579273223877,elite
3825735,0,1,0.5449342131614685,TF-Hybrid,1,142,0.4863579273223877,elite
266149,1,1,0.7721024751663208,TF-Hybrid,1,142,0.4863579273223877,elite
3825736,0,0,0.2932749390602112,TF-Hybrid,1,142,0.4863579273223877,elite
3825737,1,1,0.606683075428009,TF-Hybrid,1,142,0.4863579273223877,elite
3825738,0,0,0.1418035477399826,TF-Hybrid,1,142,0.4863579273223877,elite
3825739,1,1,0.6961277723312378,TF-Hybrid,1,142,0.4863579273223877,elite
3825740,1,1,0.8255268931388855,TF-Hybrid,1,142,0.4863579273223877,elite
3825741,1,0,0.47045016288757324,TF-Hybrid,1,142,0.4863579273223877,elite
265894,0,0,0.31159508228302,TF-Hybrid,1,142,0.4863579273223877,elite
3825742,1,0,0.32135772705078125,TF-Hybrid,1,142,0.4863579273223877,elite
3825743,1,1,0.7411039471626282,TF-Hybrid,1,142,0.4863579273223877,elite
3825744,0,0,0.11538588255643845,TF-Hybrid,1,142,0.4863579273223877,elite
3825745,0,1,0.5698876976966858,TF-Hybrid,1,142,0.4863579273223877,elite
3825746,0,0,0.11612395942211151,TF-Hybrid,1,142,0.4863579273223877,elite
3825747,1,0,0.17731115221977234,TF-Hybrid,1,142,0.4863579273223877,elite
3825748,0,1,0.5248533487319946,TF-Hybrid,1,142,0.4863579273223877,elite
3825749,1,0,0.48984989523887634,TF-Hybrid,1,142,0.4863579273223877,elite
267576,1,1,0.5521014928817749,TF-Hybrid,1,142,0.4863579273223877,elite
3825750,1,0,0.3500542938709259,TF-Hybrid,1,142,0.4863579273223877,elite
3825751,0,1,0.5208895802497864,TF-Hybrid,1,142,0.4863579273223877,elite
3825752,0,0,0.4559177756309509,TF-Hybrid,1,142,0.4863579273223877,elite
3825753,1,1,0.7055595517158508,TF-Hybrid,1,142,0.4863579273223877,elite
3825754,1,1,0.6889985799789429,TF-Hybrid,1,142,0.4863579273223877,elite
3825755,0,1,0.5674139261245728,TF-Hybrid,1,142,0.4863579273223877,elite
3825756,1,0,0.3909018635749817,TF-Hybrid,1,142,0.4863579273223877,elite
3825757,1,1,0.9122203588485718,TF-Hybrid,1,142,0.4863579273223877,elite
3825758,0,0,0.23638370633125305,TF-Hybrid,1,142,0.4863579273223877,elite
3825759,1,1,0.7370159029960632,TF-Hybrid,1,142,0.4863579273223877,elite
3825760,1,0,0.4487697184085846,TF-Hybrid,1,142,0.4863579273223877,elite
3825761,0,0,0.18123918771743774,TF-Hybrid,1,142,0.4863579273223877,elite
3825762,0,0,0.42134782671928406,TF-Hybrid,1,142,0.4863579273223877,elite
3825763,1,1,0.7609460353851318,TF-Hybrid,1,142,0.4863579273223877,elite
266160,0,1,0.5383521914482117,TF-Hybrid,1,142,0.4863579273223877,elite
3825764,0,0,0.3336295783519745,TF-Hybrid,1,142,0.4863579273223877,elite
3825765,0,0,0.2969009578227997,TF-Hybrid,1,142,0.4863579273223877,elite
3825766,1,0,0.20051193237304688,TF-Hybrid,1,142,0.4863579273223877,elite
3825767,0,0,0.4215337634086609,TF-Hybrid,1,142,0.4863579273223877,elite
3825768,0,1,0.5130274295806885,TF-Hybrid,1,142,0.4863579273223877,elite
3825769,1,0,0.31435510516166687,TF-Hybrid,1,142,0.4863579273223877,elite
3825770,1,1,0.7202802896499634,TF-Hybrid,1,142,0.4863579273223877,elite
3825771,0,1,0.6045504808425903,TF-Hybrid,1,142,0.4863579273223877,elite
3825772,1,1,0.5659651756286621,TF-Hybrid,1,142,0.4863579273223877,elite
266254,1,1,0.8669878840446472,TF-Hybrid,1,142,0.4863579273223877,elite
3825773,1,1,0.5259676575660706,TF-Hybrid,1,142,0.4863579273223877,elite
3825774,0,0,0.1005009189248085,TF-Hybrid,1,142,0.4863579273223877,elite
3825775,1,1,0.632943868637085,TF-Hybrid,1,142,0.4863579273223877,elite
3825776,1,0,0.4755474627017975,TF-Hybrid,1,142,0.4863579273223877,elite
266815,0,0,0.24222597479820251,TF-Hybrid,1,142,0.4863579273223877,elite
3825777,1,0,0.38955816626548767,TF-Hybrid,1,142,0.4863579273223877,elite
267273,0,0,0.30001798272132874,TF-Hybrid,1,142,0.4863579273223877,elite
3825778,0,1,0.558775782585144,TF-Hybrid,1,142,0.4863579273223877,elite
3825779,1,1,0.695997416973114,TF-Hybrid,1,142,0.4863579273223877,elite
3825780,1,0,0.2755381166934967,TF-Hybrid,1,142,0.4863579273223877,elite
3825781,0,1,0.6208638548851013,TF-Hybrid,1,142,0.4863579273223877,elite
3825782,0,0,0.17297904193401337,TF-Hybrid,1,142,0.4863579273223877,elite
3825783,0,0,0.0842723697423935,TF-Hybrid,1,142,0.4863579273223877,elite
3825784,0,0,0.26368939876556396,TF-Hybrid,1,142,0.4863579273223877,elite
3825785,0,0,0.39224687218666077,TF-Hybrid,1,142,0.4863579273223877,elite
3825786,0,1,0.5241466760635376,TF-Hybrid,1,142,0.4863579273223877,elite
3825787,0,0,0.14722320437431335,TF-NN,2,242,,elite
3825788,0,0,0.2548771798610687,TF-NN,2,242,,elite
3825789,0,0,0.19497890770435333,TF-NN,2,242,,elite
3825790,0,0,0.28255611658096313,TF-NN,2,242,,elite
3825791,0,0,0.3074702322483063,TF-NN,2,242,,elite
265839,1,0,0.35308101773262024,TF-NN,2,242,,elite
3825792,0,0,0.19303563237190247,TF-NN,2,242,,elite
3825793,0,0,0.16108931601047516,TF-NN,2,242,,elite
3825794,1,0,0.20684652030467987,TF-NN,2,242,,elite
3825795,1,1,0.6030645966529846,TF-NN,2,242,,elite
3825796,1,0,0.3223576843738556,TF-NN,2,242,,elite
3825797,1,0,0.2330070585012436,TF-NN,2,242,,elite
3825798,0,0,0.2550795376300812,TF-NN,2,242,,elite
3825799,0,0,0.307651162147522,TF-NN,2,242,,elite
3825800,0,0,0.1759270578622818,TF-NN,2,242,,elite
3825801,1,0,0.29631999135017395,TF-NN,2,242,,elite
266653,0,0,0.230379119515419,TF-NN,2,242,,elite
3825802,0,0,0.2435079663991928,TF-NN,2,242,,elite
3825803,1,0,0.2054779976606369,TF-NN,2,242,,elite
3825804,0,0,0.20534561574459076,TF-NN,2,242,,elite
3825805,0,0,0.2632617652416229,TF-NN,2,242,,elite
3825806,1,0,0.4122069180011749,TF-NN,2,242,,elite
3825867,0,0,0.2757130563259125,TF-NN,2,242,,elite
266056,0,0,0.19543491303920746,TF-NN,2,242,,elite
3825807,0,0,0.09003227204084396,TF-NN,2,242,,elite
3825808,0,0,0.20851844549179077,TF-NN,2,242,,elite
3825809,1,0,0.21245601773262024,TF-NN,2,242,,elite
3825810,0,0,0.2702140212059021,TF-NN,2,242,,elite
3825811,1,0,0.2365674376487732,TF-NN,2,242,,elite
3825812,1,0,0.26738908886909485,TF-NN,2,242,,elite
266498,1,1,0.5485308170318604,TF-NN,2,242,,elite
3825813,1,0,0.41998082399368286,TF-NN,2,242,,elite
3825814,1,0,0.22610659897327423,TF-NN,2,242,,elite
3825858,0,0,0.09154686331748962,TF-NN,2,242,,elite
3825815,1,0,0.18570385873317719,TF-NN,2,242,,elite
3825816,1,0,0.23407986760139465,TF-NN,2,242,,elite
3825844,1,0,0.38461652398109436,TF-NN,2,242,,elite
3825879,0,0,0.34651312232017517,TF-NN,2,242,,elite
3825881,0,0,0.11174389719963074,TF-NN,2,242,,elite
3825817,0,0,0.2547895908355713,TF-NN,2,242,,elite
3825818,0,0,0.2693118453025818,TF-NN,2,242,,elite
3825880,1,0,0.24274377524852753,TF-NN,2,242,,elite
3825887,0,0,0.08074282854795456,TF-NN,2,242,,elite
3825903,0,0,0.29718777537345886,TF-NN,2,242,,elite
3825907,1,0,0.2251870036125183,TF-NN,2,242,,elite
266106,0,0,0.310870885848999,TF-NN,2,242,,elite
3825819,0,0,0.2379942387342453,TF-NN,2,242,,elite
3825820,1,0,0.29591089487075806,TF-NN,2,242,,elite
3825821,1,0,0.22413386404514313,TF-NN,2,242,,elite
3825885,1,0,0.25432318449020386,TF-NN,2,242,,elite
267533,0,1,0.5698640942573547,TF-NN,2,242,,elite
3825822,1,0,0.30572837591171265,TF-NN,2,242,,elite
3825872,1,0,0.33900216221809387,TF-NN,2,242,,elite
3825898,0,0,0.1771363914012909,TF-NN,2,242,,elite
3825823,0,0,0.2979530692100525,TF-NN,2,242,,elite
3825824,0,0,0.20015357434749603,TF-NN,2,242,,elite
3825877,0,0,0.24144434928894043,TF-NN,2,242,,elite
3825905,0,0,0.309656023979187,TF-NN,2,242,,elite
3825825,0,0,0.2504795789718628,TF-NN,2,242,,elite
3825826,0,0,0.1319558471441269,TF-NN,2,242,,elite
266664,1,0,0.24993903934955597,TF-NN,2,242,,elite
3825827,1,0,0.2284291535615921,TF-NN,2,242,,elite
3825828,0,0,0.17830489575862885,TF-NN,2,242,,elite
3825856,1,0,0.4238361120223999,TF-NN,2,242,,elite
3825829,1,0,0.17779530584812164,TF-NN,2,242,,elite
3825830,1,0,0.253549188375473,TF-NN,2,242,,elite
3825831,1,0,0.2645837068557739,TF-NN,2,242,,elite
3825832,0,0,0.2578728199005127,TF-NN,2,242,,elite
3825863,0,0,0.2919604480266571,TF-NN,2,242,,elite
3825857,1,0,0.2193097025156021,TF-NN,2,242,,elite
3825833,0,0,0.2558816969394684,TF-NN,2,242,,elite
3825852,0,0,0.33794718980789185,TF-NN,2,242,,elite
3825889,0,0,0.23690594732761383,TF-NN,2,242,,elite
3825897,1,0,0.22397558391094208,TF-NN,2,242,,elite
266557,0,0,0.25935542583465576,TF-NN,2,242,,elite
3825834,1,0,0.31845712661743164,TF-NN,2,242,,elite
3825835,0,0,0.2622970938682556,TF-NN,2,242,,elite
3825836,1,0,0.22014954686164856,TF-NN,2,242,,elite
3825906,0,0,0.30072808265686035,TF-NN,2,242,,elite
3825837,1,0,0.2509036064147949,TF-NN,2,242,,elite
3825862,0,0,0.3272463381290436,TF-NN,2,242,,elite
266310,0,0,0.2665118873119354,TF-NN,2,242,,elite
3825838,0,0,0.07058852910995483,TF-NN,2,242,,elite
3825839,1,0,0.21916744112968445,TF-NN,2,242,,elite
3825840,1,0,0.2153579145669937,TF-NN,2,242,,elite
3825843,0,0,0.19437475502490997,TF-NN,2,242,,elite
3825893,1,0,0.34805765748023987,TF-NN,2,242,,elite
3825841,0,0,0.2082570195198059,TF-NN,2,242,,elite
3825896,1,0,0.11975974589586258,TF-NN,2,242,,elite
3825871,1,0,0.3912532925605774,TF-NN,2,242,,elite
265944,1,0,0.31410589814186096,TF-NN,2,242,,elite
3825847,0,0,0.23534759879112244,TF-NN,2,242,,elite
3825886,0,0,0.3015056550502777,TF-NN,2,242,,elite
3825890,1,0,0.27729812264442444,TF-NN,2,242,,elite
3825842,0,0,0.10030196607112885,TF-NN,2,242,,elite
3825875,0,0,0.2651999294757843,TF-NN,2,242,,elite
3825884,1,0,0.24000531435012817,TF-NN,2,242,,elite
3825899,0,0,0.2986847758293152,TF-NN,2,242,,elite
3825868,1,0,0.20650717616081238,TF-NN,2,242,,elite
3825854,1,0,0.23724421858787537,TF-NN,2,242,,elite
266986,0,0,0.3132813274860382,TF-NN,2,242,,elite
3825859,1,0,0.26454615592956543,TF-NN,2,242,,elite
3825864,0,0,0.22379423677921295,TF-NN,2,242,,elite
3825878,1,0,0.28970417380332947,TF-NN,2,242,,elite
3825845,1,0,0.25684577226638794,TF-NN,2,242,,elite
3825870,1,0,0.21719790995121002,TF-NN,2,242,,elite
3825873,0,0,0.20974953472614288,TF-NN,2,242,,elite
3825894,0,0,0.2901528477668762,TF-NN,2,242,,elite
3825855,1,0,0.3305567502975464,TF-NN,2,242,,elite
265958,1,0,0.26003119349479675,TF-NN,2,242,,elite
3825850,1,0,0.13613535463809967,TF-NN,2,242,,elite
3825851,0,0,0.1611739695072174,TF-NN,2,242,,elite
3825853,0,0,0.23652498424053192,TF-NN,2,242,,elite
3825860,1,0,0.15753567218780518,TF-NN,2,242,,elite
3825861,1,0,0.1795092523097992,TF-NN,2,242,,elite
3825865,0,0,0.26478084921836853,TF-NN,2,242,,elite
3825866,0,0,0.24861319363117218,TF-NN,2,242,,elite
3825901,1,0,0.3367270231246948,TF-NN,2,242,,elite
3825904,0,0,0.25423285365104675,TF-NN,2,242,,elite
3825849,0,0,0.2503349483013153,TF-NN,2,242,,elite
267506,0,0,0.2938886880874634,TF-NN,2,242,,elite
3825846,0,0,0.3137761652469635,TF-NN,2,242,,elite
3825869,1,0,0.2469455599784851,TF-NN,2,242,,elite
3825882,1,0,0.45894521474838257,TF-NN,2,242,,elite
3825876,1,0,0.3085942566394806,TF-NN,2,242,,elite
3825883,1,0,0.2985057532787323,TF-NN,2,242,,elite
3825900,1,0,0.1832013577222824,TF-NN,2,242,,elite
3825902,1,0,0.25232717394828796,TF-NN,2,242,,elite
3825908,1,0,0.334337443113327,TF-NN,2,242,,elite
267670,1,0,0.49067530035972595,TF-NN,2,242,,elite
266892,0,0,0.23108743131160736,TF-NN,2,242,,elite
267220,0,0,0.19148898124694824,TF-NN,2,242,,elite
267492,1,0,0.2250947207212448,TF-NN,2,242,,elite
266033,0,0,0.28030744194984436,TF-NN,2,242,,elite
267058,1,0,0.17881038784980774,TF-NN,2,242,,elite
266989,0,0,0.2797238230705261,TF-NN,2,242,,elite
266191,0,0,0.23543624579906464,TF-NN,2,242,,elite
267076,0,0,0.28443560004234314,TF-NN,2,242,,elite
3825787,0,1,0.5545362234115601,TF-Hybrid,2,242,0.488529235124588,elite
3825788,0,0,0.44486090540885925,TF-Hybrid,2,242,0.488529235124588,elite
3825789,0,1,0.6884084939956665,TF-Hybrid,2,242,0.488529235124588,elite
3825790,0,0,0.36999940872192383,TF-Hybrid,2,242,0.488529235124588,elite
3825791,0,0,0.4768812656402588,TF-Hybrid,2,242,0.488529235124588,elite
265839,1,1,0.8344426155090332,TF-Hybrid,2,242,0.488529235124588,elite
3825792,0,1,0.7243814468383789,TF-Hybrid,2,242,0.488529235124588,elite
3825793,0,1,0.5656214952468872,TF-Hybrid,2,242,0.488529235124588,elite
3825794,1,1,0.5738968849182129,TF-Hybrid,2,242,0.488529235124588,elite
3825795,1,1,0.6042221784591675,TF-Hybrid,2,242,0.488529235124588,elite
3825796,1,0,0.49652498960494995,TF-Hybrid,2,242,0.488529235124588,elite
3825797,1,1,0.5249327421188354,TF-Hybrid,2,242,0.488529235124588,elite
3825798,0,0,0.339517205953598,TF-Hybrid,2,242,0.488529235124588,elite
3825799,0,0,0.43732592463493347,TF-Hybrid,2,242,0.488529235124588,elite
3825800,0,0,0.49074026942253113,TF-Hybrid,2,242,0.488529235124588,elite
3825801,1,1,0.663761556148529,TF-Hybrid,2,242,0.488529235124588,elite
266653,0,0,0.3576505482196808,TF-Hybrid,2,242,0.488529235124588,elite
3825802,0,1,0.7066624760627747,TF-Hybrid,2,242,0.488529235124588,elite
3825803,1,1,0.6633032560348511,TF-Hybrid,2,242,0.488529235124588,elite
3825804,0,0,0.47683408856391907,TF-Hybrid,2,242,0.488529235124588,elite
3825805,0,0,0.3739646077156067,TF-Hybrid,2,242,0.488529235124588,elite
3825806,1,1,0.5684342384338379,TF-Hybrid,2,242,0.488529235124588,elite
3825867,0,0,0.3889065086841583,TF-Hybrid,2,242,0.488529235124588,elite
266056,0,0,0.23000356554985046,TF-Hybrid,2,242,0.488529235124588,elite
3825807,0,0,0.27367645502090454,TF-Hybrid,2,242,0.488529235124588,elite
3825808,0,0,0.2003164440393448,TF-Hybrid,2,242,0.488529235124588,elite
3825809,1,1,0.5478870272636414,TF-Hybrid,2,242,0.488529235124588,elite
3825810,0,1,0.5746766328811646,TF-Hybrid,2,242,0.488529235124588,elite
3825811,1,1,0.7646973729133606,TF-Hybrid,2,242,0.488529235124588,elite
3825812,1,1,0.5799309015274048,TF-Hybrid,2,242,0.488529235124588,elite
266498,1,1,0.8663116097450256,TF-Hybrid,2,242,0.488529235124588,elite
3825813,1,1,0.7312949895858765,TF-Hybrid,2,242,0.488529235124588,elite
3825814,1,0,0.4188319146633148,TF-Hybrid,2,242,0.488529235124588,elite
3825858,0,0,0.3972199857234955,TF-Hybrid,2,242,0.488529235124588,elite
3825815,1,0,0.3561340868473053,TF-Hybrid,2,242,0.488529235124588,elite
3825816,1,1,0.5032652020454407,TF-Hybrid,2,242,0.488529235124588,elite
3825844,1,1,0.7289706468582153,TF-Hybrid,2,242,0.488529235124588,elite
3825879,0,0,0.42531323432922363,TF-Hybrid,2,242,0.488529235124588,elite
3825881,0,1,0.5185184478759766,TF-Hybrid,2,242,0.488529235124588,elite
3825817,0,0,0.44759052991867065,TF-Hybrid,2,242,0.488529235124588,elite
3825818,0,0,0.4481205344200134,TF-Hybrid,2,242,0.488529235124588,elite
3825880,1,0,0.4914020895957947,TF-Hybrid,2,242,0.488529235124588,elite
3825887,0,1,0.6775561571121216,TF-Hybrid,2,242,0.488529235124588,elite
3825903,0,1,0.5722681283950806,TF-Hybrid,2,242,0.488529235124588,elite
3825907,1,0,0.11390185356140137,TF-Hybrid,2,242,0.488529235124588,elite
266106,0,0,0.26020753383636475,TF-Hybrid,2,242,0.488529235124588,elite
3825819,0,1,0.5350258946418762,TF-Hybrid,2,242,0.488529235124588,elite
3825820,1,1,0.8570142388343811,TF-Hybrid,2,242,0.488529235124588,elite
3825821,1,0,0.48341381549835205,TF-Hybrid,2,242,0.488529235124588,elite
3825885,1,1,0.7424790263175964,TF-Hybrid,2,242,0.488529235124588,elite
267533,0,1,0.7520788908004761,TF-Hybrid,2,242,0.488529235124588,elite
3825822,1,1,0.7279413342475891,TF-Hybrid,2,242,0.488529235124588,elite
3825872,1,1,0.7493934631347656,TF-Hybrid,2,242,0.488529235124588,elite
3825898,0,0,0.3687160313129425,TF-Hybrid,2,242,0.488529235124588,elite
3825823,0,0,0.371776282787323,TF-Hybrid,2,242,0.488529235124588,elite
3825824,0,0,0.4059906303882599,TF-Hybrid,2,242,0.488529235124588,elite
3825877,0,1,0.7608351111412048,TF-Hybrid,2,242,0.488529235124588,elite
3825905,0,0,0.30180245637893677,TF-Hybrid,2,242,0.488529235124588,elite
3825825,0,0,0.415228933095932,TF-Hybrid,2,242,0.488529235124588,elite
3825826,0,0,0.21434442698955536,TF-Hybrid,2,242,0.488529235124588,elite
266664,1,0,0.42978692054748535,TF-Hybrid,2,242,0.488529235124588,elite
3825827,1,0,0.25354647636413574,TF-Hybrid,2,242,0.488529235124588,elite
3825828,0,0,0.40725114941596985,TF-Hybrid,2,242,0.488529235124588,elite
3825856,1,1,0.7550290822982788,TF-Hybrid,2,242,0.488529235124588,elite
3825829,1,0,0.4664134085178375,TF-Hybrid,2,242,0.488529235124588,elite
3825830,1,1,0.7626280188560486,TF-Hybrid,2,242,0.488529235124588,elite
3825831,1,0,0.3499516546726227,TF-Hybrid,2,242,0.488529235124588,elite
3825832,0,0,0.41579335927963257,TF-Hybrid,2,242,0.488529235124588,elite
3825863,0,0,0.2939193844795227,TF-Hybrid,2,242,0.488529235124588,elite
3825857,1,0,0.4900049567222595,TF-Hybrid,2,242,0.488529235124588,elite
3825833,0,0,0.21521998941898346,TF-Hybrid,2,242,0.488529235124588,elite
3825852,0,1,0.610610842704773,TF-Hybrid,2,242,0.488529235124588,elite
3825889,0,1,0.7427370548248291,TF-Hybrid,2,242,0.488529235124588,elite
3825897,1,1,0.5665591359138489,TF-Hybrid,2,242,0.488529235124588,elite
266557,0,1,0.6534779667854309,TF-Hybrid,2,242,0.488529235124588,elite
3825834,1,1,0.7191915512084961,TF-Hybrid,2,242,0.488529235124588,elite
3825835,0,1,0.5862361788749695,TF-Hybrid,2,242,0.488529235124588,elite
3825836,1,1,0.6619077920913696,TF-Hybrid,2,242,0.488529235124588,elite
3825906,0,0,0.3913725018501282,TF-Hybrid,2,242,0.488529235124588,elite
3825837,1,0,0.3036489486694336,TF-Hybrid,2,242,0.488529235124588,elite
3825862,0,0,0.20761622488498688,TF-Hybrid,2,242,0.488529235124588,elite
266310,0,0,0.28365880250930786,TF-Hybrid,2,242,0.488529235124588,elite
3825838,0,0,0.33395475149154663,TF-Hybrid,2,242,0.488529235124588,elite
3825839,1,0,0.45885080099105835,TF-Hybrid,2,242,0.488529235124588,elite
3825840,1,1,0.5647543668746948,TF-Hybrid,2,242,0.488529235124588,elite
3825843,0,1,0.5229979753494263,TF-Hybrid,2,242,0.488529235124588,elite
3825893,1,1,0.8148902058601379,TF-Hybrid,2,242,0.488529235124588,elite
3825841,0,1,0.6227120161056519,TF-Hybrid,2,242,0.488529235124588,elite
3825896,1,0,0.31564319133758545,TF-Hybrid,2,242,0.488529235124588,elite
3825871,1,0,0.38540521264076233,TF-Hybrid,2,242,0.488529235124588,elite
265944,1,1,0.8626950979232788,TF-Hybrid,2,242,0.488529235124588,elite
3825847,0,1,0.5819183588027954,TF-Hybrid,2,242,0.488529235124588,elite
3825886,0,0,0.3578345477581024,TF-Hybrid,2,242,0.488529235124588,elite
3825890,1,0,0.47456079721450806,TF-Hybrid,2,242,0.488529235124588,elite
3825842,0,1,0.5202838182449341,TF-Hybrid,2,242,0.488529235124588,elite
3825875,0,0,0.3200027048587799,TF-Hybrid,2,242,0.488529235124588,elite
3825884,1,1,0.506385326385498,TF-Hybrid,2,242,0.488529235124588,elite
3825899,0,0,0.2579616606235504,TF-Hybrid,2,242,0.488529235124588,elite
3825868,1,1,0.5989186763763428,TF-Hybrid,2,242,0.488529235124588,elite
3825854,1,0,0.3183681070804596,TF-Hybrid,2,242,0.488529235124588,elite
266986,0,0,0.28721290826797485,TF-Hybrid,2,242,0.488529235124588,elite
3825859,1,1,0.5344057679176331,TF-Hybrid,2,242,0.488529235124588,elite
3825864,0,0,0.30275362730026245,TF-Hybrid,2,242,0.488529235124588,elite
3825878,1,1,0.5302327871322632,TF-Hybrid,2,242,0.488529235124588,elite
3825845,1,0,0.28693315386772156,TF-Hybrid,2,242,0.488529235124588,elite
3825870,1,1,0.5096073150634766,TF-Hybrid,2,242,0.488529235124588,elite
3825873,0,1,0.5940116047859192,TF-Hybrid,2,242,0.488529235124588,elite
3825894,0,0,0.4805544912815094,TF-Hybrid,2,242,0.488529235124588,elite
3825855,1,1,0.674246072769165,TF-Hybrid,2,242,0.488529235124588,elite
265958,1,1,0.8502910137176514,TF-Hybrid,2,242,0.488529235124588,elite
3825850,1,0,0.3950028419494629,TF-Hybrid,2,242,0.488529235124588,elite
3825851,0,0,0.4990931451320648,TF-Hybrid,2,242,0.488529235124588,elite
3825853,0,1,0.5816473960876465,TF-Hybrid,2,242,0.488529235124588,elite
3825860,1,0,0.2649877667427063,TF-Hybrid,2,242,0.488529235124588,elite
3825861,1,1,0.5555381774902344,TF-Hybrid,2,242,0.488529235124588,elite
3825865,0,1,0.7675031423568726,TF-Hybrid,2,242,0.488529235124588,elite
3825866,0,0,0.33057981729507446,TF-Hybrid,2,242,0.488529235124588,elite
3825901,1,1,0.7567715644836426,TF-Hybrid,2,242,0.488529235124588,elite
3825904,0,1,0.501205563545227,TF-Hybrid,2,242,0.488529235124588,elite
3825849,0,0,0.464489609003067,TF-Hybrid,2,242,0.488529235124588,elite
267506,0,0,0.27940303087234497,TF-Hybrid,2,242,0.488529235124588,elite
3825846,0,1,0.5281057357788086,TF-Hybrid,2,242,0.488529235124588,elite
3825869,1,1,0.686214804649353,TF-Hybrid,2,242,0.488529235124588,elite
3825882,1,1,0.6297305822372437,TF-Hybrid,2,242,0.488529235124588,elite
3825876,1,0,0.12927013635635376,TF-Hybrid,2,242,0.488529235124588,elite
3825883,1,1,0.60863196849823,TF-Hybrid,2,242,0.488529235124588,elite
3825900,1,0,0.14330658316612244,TF-Hybrid,2,242,0.488529235124588,elite
3825902,1,1,0.672881543636322,TF-Hybrid,2,242,0.488529235124588,elite
3825908,1,0,0.22843334078788757,TF-Hybrid,2,242,0.488529235124588,elite
267670,1,1,0.8963398337364197,TF-Hybrid,2,242,0.488529235124588,elite
266892,0,0,0.29562893509864807,TF-Hybrid,2,242,0.488529235124588,elite
267220,0,1,0.6224168539047241,TF-Hybrid,2,242,0.488529235124588,elite
267492,1,1,0.7503799200057983,TF-Hybrid,2,242,0.488529235124588,elite
266033,0,0,0.2661876678466797,TF-Hybrid,2,242,0.488529235124588,elite
267058,1,1,0.8472931385040283,TF-Hybrid,2,242,0.488529235124588,elite
266989,0,0,0.15888239443302155,TF-Hybrid,2,242,0.488529235124588,elite
266191,0,0,0.40563127398490906,TF-Hybrid,2,242,0.488529235124588,elite
267076,0,1,0.5994300246238708,TF-Hybrid,2,242,0.488529235124588,elite
266357,0,0,0.11951722204685211,TF-NN,3,342,,elite
266528,1,1,0.6555274128913879,TF-NN,3,342,,elite
266477,0,0,0.24059249460697174,TF-NN,3,342,,elite
267395,1,1,0.6245970129966736,TF-NN,3,342,,elite
266731,0,0,0.2970884144306183,TF-NN,3,342,,elite
266516,0,0,0.39325904846191406,TF-NN,3,342,,elite
266874,1,0,0.3252733051776886,TF-NN,3,342,,elite
267464,0,0,0.2782078683376312,TF-NN,3,342,,elite
265952,1,1,0.5563303828239441,TF-NN,3,342,,elite
266299,1,1,0.6461052298545837,TF-NN,3,342,,elite
267660,1,0,0.37663817405700684,TF-NN,3,342,,elite
266440,1,1,0.7731813192367554,TF-NN,3,342,,elite
266280,1,0,0.3813694417476654,TF-NN,3,342,,elite
267590,1,0,0.23640812933444977,TF-NN,3,342,,elite
267373,1,1,0.7469416856765747,TF-NN,3,342,,elite
267569,0,0,0.3956564664840698,TF-NN,3,342,,elite
267101,1,1,0.7452915906906128,TF-NN,3,342,,elite
267077,0,0,0.21194104850292206,TF-NN,3,342,,elite
266952,1,1,0.7385932207107544,TF-NN,3,342,,elite
267039,0,0,0.296234130859375,TF-NN,3,342,,elite
267432,1,1,0.8331476449966431,TF-NN,3,342,,elite
9575,1,1,0.7021416425704956,TF-NN,3,342,,elite
9581,0,0,0.22696325182914734,TF-NN,3,342,,elite
9592,1,1,0.7008069753646851,TF-NN,3,342,,elite
9602,0,0,0.24150946736335754,TF-NN,3,342,,elite
9609,1,0,0.43155354261398315,TF-NN,3,342,,elite
9636,1,1,0.7514457702636719,TF-NN,3,342,,elite
9642,0,0,0.2737181484699249,TF-NN,3,342,,elite
9650,1,1,0.5949985980987549,TF-NN,3,342,,elite
9661,0,0,0.3627745807170868,TF-NN,3,342,,elite
9673,1,1,0.552121102809906,TF-NN,3,342,,elite
9695,0,0,0.34888389706611633,TF-NN,3,342,,elite
9700,0,1,0.8716260194778442,TF-NN,3,342,,elite
9717,0,0,0.30649349093437195,TF-NN,3,342,,elite
9726,1,1,0.9747378826141357,TF-NN,3,342,,elite
9736,0,0,0.30307555198669434,TF-NN,3,342,,elite
9742,1,1,0.8328679800033569,TF-NN,3,342,,elite
9754,0,0,0.3274652361869812,TF-NN,3,342,,elite
9765,0,0,0.30841198563575745,TF-NN,3,342,,elite
9774,1,1,0.5224708318710327,TF-NN,3,342,,elite
9783,0,0,0.19429633021354675,TF-NN,3,342,,elite
9794,0,0,0.3778785765171051,TF-NN,3,342,,elite
9799,0,0,0.30193665623664856,TF-NN,3,342,,elite
9827,0,0,0.3219285011291504,TF-NN,3,342,,elite
9837,1,0,0.35562562942504883,TF-NN,3,342,,elite
9855,1,0,0.4355356693267822,TF-NN,3,342,,elite
9860,0,1,0.6002951264381409,TF-NN,3,342,,elite
9870,1,1,0.606183648109436,TF-NN,3,342,,elite
9880,1,1,0.6848358511924744,TF-NN,3,342,,elite
9889,0,0,0.3997989892959595,TF-NN,3,342,,elite
266357,0,0,0.22008752822875977,TF-Hybrid,3,342,0.48940688371658325,elite
266528,1,1,0.70891934633255,TF-Hybrid,3,342,0.48940688371658325,elite
266477,0,0,0.24985012412071228,TF-Hybrid,3,342,0.48940688371658325,elite
267395,1,1,0.8459432125091553,TF-Hybrid,3,342,0.48940688371658325,elite
266731,0,0,0.33779558539390564,TF-Hybrid,3,342,0.48940688371658325,elite
266516,0,0,0.11552543193101883,TF-Hybrid,3,342,0.48940688371658325,elite
266874,1,1,0.5385011434555054,TF-Hybrid,3,342,0.48940688371658325,elite
267464,0,0,0.2453257292509079,TF-Hybrid,3,342,0.48940688371658325,elite
265952,1,1,0.8551827073097229,TF-Hybrid,3,342,0.48940688371658325,elite
266299,1,1,0.8653081655502319,TF-Hybrid,3,342,0.48940688371658325,elite
267660,1,0,0.10015127807855606,TF-Hybrid,3,342,0.48940688371658325,elite
266440,1,1,0.9201743006706238,TF-Hybrid,3,342,0.48940688371658325,elite
266280,1,1,0.8858718276023865,TF-Hybrid,3,342,0.48940688371658325,elite
267590,1,0,0.47300001978874207,TF-Hybrid,3,342,0.48940688371658325,elite
267373,1,1,0.6555039882659912,TF-Hybrid,3,342,0.48940688371658325,elite
267569,0,1,0.5807467699050903,TF-Hybrid,3,342,0.48940688371658325,elite
267101,1,1,0.8874562978744507,TF-Hybrid,3,342,0.48940688371658325,elite
267077,0,0,0.1279653012752533,TF-Hybrid,3,342,0.48940688371658325,elite
266952,1,1,0.9226158857345581,TF-Hybrid,3,342,0.48940688371658325,elite
267039,0,0,0.12165842205286026,TF-Hybrid,3,342,0.48940688371658325,elite
267432,1,1,0.8268525004386902,TF-Hybrid,3,342,0.48940688371658325,elite
9575,1,1,0.9166600108146667,TF-Hybrid,3,342,0.48940688371658325,elite
9581,0,0,0.07654407620429993,TF-Hybrid,3,342,0.48940688371658325,elite
9592,1,1,0.941947877407074,TF-Hybrid,3,342,0.48940688371658325,elite
9602,0,0,0.20557400584220886,TF-Hybrid,3,342,0.48940688371658325,elite
9609,1,1,0.885334312915802,TF-Hybrid,3,342,0.48940688371658325,elite
9636,1,1,0.8739230036735535,TF-Hybrid,3,342,0.48940688371658325,elite
9642,0,0,0.23907501995563507,TF-Hybrid,3,342,0.48940688371658325,elite
9650,1,1,0.7481715083122253,TF-Hybrid,3,342,0.48940688371658325,elite
9661,0,0,0.2800541818141937,TF-Hybrid,3,342,0.48940688371658325,elite
9673,1,1,0.7849818468093872,TF-Hybrid,3,342,0.48940688371658325,elite
9695,0,0,0.2708989083766937,TF-Hybrid,3,342,0.48940688371658325,elite
9700,0,1,0.8858379125595093,TF-Hybrid,3,342,0.48940688371658325,elite
9717,0,0,0.20971447229385376,TF-Hybrid,3,342,0.48940688371658325,elite
9726,1,1,0.9001823663711548,TF-Hybrid,3,342,0.48940688371658325,elite
9736,0,1,0.5017233490943909,TF-Hybrid,3,342,0.48940688371658325,elite
9742,1,1,0.9267250895500183,TF-Hybrid,3,342,0.48940688371658325,elite
9754,0,0,0.33959293365478516,TF-Hybrid,3,342,0.48940688371658325,elite
9765,0,0,0.1745889037847519,TF-Hybrid,3,342,0.48940688371658325,elite
9774,1,1,0.9180408120155334,TF-Hybrid,3,342,0.48940688371658325,elite
9783,0,0,0.11301251500844955,TF-Hybrid,3,342,0.48940688371658325,elite
9794,0,1,0.7670939564704895,TF-Hybrid,3,342,0.48940688371658325,elite
9799,0,0,0.20464953780174255,TF-Hybrid,3,342,0.48940688371658325,elite
9827,0,0,0.1205626130104065,TF-Hybrid,3,342,0.48940688371658325,elite
9837,1,1,0.8131104111671448,TF-Hybrid,3,342,0.48940688371658325,elite
9855,1,1,0.858481764793396,TF-Hybrid,3,342,0.48940688371658325,elite
9860,0,0,0.2882579565048218,TF-Hybrid,3,342,0.48940688371658325,elite
9870,1,1,0.8596232533454895,TF-Hybrid,3,342,0.48940688371658325,elite
9880,1,1,0.9077305197715759,TF-Hybrid,3,342,0.48940688371658325,elite
9889,0,0,0.2508182227611542,TF-Hybrid,3,342,0.48940688371658325,elite
9912,0,0,0.46742793917655945,TF-NN,4,442,,elite
9924,0,0,0.48093050718307495,TF-NN,4,442,,elite
9928,1,1,0.9086859822273254,TF-NN,4,442,,elite
9948,1,1,0.5278081893920898,TF-NN,4,442,,elite
15946,1,1,0.9398815035820007,TF-NN,4,442,,elite
15956,0,0,0.18836039304733276,TF-NN,4,442,,elite
15978,0,0,0.3889758586883545,TF-NN,4,442,,elite
15998,1,0,0.3933873474597931,TF-NN,4,442,,elite
16010,0,1,0.799887478351593,TF-NN,4,442,,elite
16023,0,0,0.27606675028800964,TF-NN,4,442,,elite
16029,1,1,0.8305115699768066,TF-NN,4,442,,elite
16056,0,1,0.8580282926559448,TF-NN,4,442,,elite
16073,0,0,0.21495723724365234,TF-NN,4,442,,elite
16079,1,1,0.6958659291267395,TF-NN,4,442,,elite
16086,0,0,0.4082244038581848,TF-NN,4,442,,elite
16095,0,0,0.33795347809791565,TF-NN,4,442,,elite
16109,1,0,0.4764746129512787,TF-NN,4,442,,elite
16120,0,0,0.30139976739883423,TF-NN,4,442,,elite
16131,1,1,0.562394917011261,TF-NN,4,442,,elite
16136,1,1,0.9052237272262573,TF-NN,4,442,,elite
16149,0,0,0.35720112919807434,TF-NN,4,442,,elite
16157,0,1,0.9266687631607056,TF-NN,4,442,,elite
16173,0,0,0.42662137746810913,TF-NN,4,442,,elite
16182,1,1,0.981562077999115,TF-NN,4,442,,elite
16190,0,0,0.3381870687007904,TF-NN,4,442,,elite
16196,0,0,0.41436952352523804,TF-NN,4,442,,elite
16205,1,1,0.9245789647102356,TF-NN,4,442,,elite
16215,0,1,0.6519594192504883,TF-NN,4,442,,elite
16231,1,1,0.7062973380088806,TF-NN,4,442,,elite
16240,0,1,0.5620114803314209,TF-NN,4,442,,elite
16248,1,1,0.9087226986885071,TF-NN,4,442,,elite
16265,1,0,0.4425274431705475,TF-NN,4,442,,elite
16275,0,0,0.18399465084075928,TF-NN,4,442,,elite
16289,1,1,0.7499576807022095,TF-NN,4,442,,elite
16306,1,1,0.8712055087089539,TF-NN,4,442,,elite
16317,0,0,0.4720962941646576,TF-NN,4,442,,elite
303666,1,0,0.20790232717990875,TF-NN,4,442,,elite
303430,1,0,0.4659436345100403,TF-NN,4,442,,elite
303473,1,1,0.6349565386772156,TF-NN,4,442,,elite
303700,0,0,0.21757292747497559,TF-NN,4,442,,elite
303600,1,1,0.9065660834312439,TF-NN,4,442,,elite
303504,1,0,0.3495989143848419,TF-NN,4,442,,elite
303487,1,1,0.7757717967033386,TF-NN,4,442,,elite
303715,0,0,0.17825348675251007,TF-NN,4,442,,elite
303524,0,0,0.3713837265968323,TF-NN,4,442,,elite
303451,1,1,0.9647390842437744,TF-NN,4,442,,elite
303664,0,1,0.7059172987937927,TF-NN,4,442,,elite
303596,0,0,0.40522873401641846,TF-NN,4,442,,elite
303517,1,1,0.863658607006073,TF-NN,4,442,,elite
303652,0,0,0.1870686113834381,TF-NN,4,442,,elite
9912,0,0,0.2750256061553955,TF-Hybrid,4,442,0.4807452857494354,elite
9924,0,1,0.7629886865615845,TF-Hybrid,4,442,0.4807452857494354,elite
9928,1,1,0.8687439560890198,TF-Hybrid,4,442,0.4807452857494354,elite
9948,1,1,0.75742107629776,TF-Hybrid,4,442,0.4807452857494354,elite
15946,1,1,0.8684368133544922,TF-Hybrid,4,442,0.4807452857494354,elite
15956,0,0,0.14629538357257843,TF-Hybrid,4,442,0.4807452857494354,elite
15978,0,0,0.14110606908798218,TF-Hybrid,4,442,0.4807452857494354,elite
15998,1,0,0.19151344895362854,TF-Hybrid,4,442,0.4807452857494354,elite
16010,0,1,0.7166991233825684,TF-Hybrid,4,442,0.4807452857494354,elite
16023,0,0,0.26816803216934204,TF-Hybrid,4,442,0.4807452857494354,elite
16029,1,1,0.7191979289054871,TF-Hybrid,4,442,0.4807452857494354,elite
16056,0,1,0.8421743512153625,TF-Hybrid,4,442,0.4807452857494354,elite
16073,0,0,0.25983232259750366,TF-Hybrid,4,442,0.4807452857494354,elite
16079,1,1,0.8651144504547119,TF-Hybrid,4,442,0.4807452857494354,elite
16086,0,0,0.12549230456352234,TF-Hybrid,4,442,0.4807452857494354,elite
16095,0,0,0.12690255045890808,TF-Hybrid,4,442,0.4807452857494354,elite
16109,1,1,0.9597779512405396,TF-Hybrid,4,442,0.4807452857494354,elite
16120,0,0,0.13946768641471863,TF-Hybrid,4,442,0.4807452857494354,elite
16131,1,1,0.918749988079071,TF-Hybrid,4,442,0.4807452857494354,elite
16136,1,1,0.8085238337516785,TF-Hybrid,4,442,0.4807452857494354,elite
16149,0,0,0.2022993266582489,TF-Hybrid,4,442,0.4807452857494354,elite
16157,0,1,0.8323742151260376,TF-Hybrid,4,442,0.4807452857494354,elite
16173,0,0,0.25904491543769836,TF-Hybrid,4,442,0.4807452857494354,elite
16182,1,1,0.7010027170181274,TF-Hybrid,4,442,0.4807452857494354,elite
16190,0,0,0.49724072217941284,TF-Hybrid,4,442,0.4807452857494354,elite
16196,0,0,0.463419646024704,TF-Hybrid,4,442,0.4807452857494354,elite
16205,1,1,0.5851525068283081,TF-Hybrid,4,442,0.4807452857494354,elite
16215,0,0,0.1425425112247467,TF-Hybrid,4,442,0.4807452857494354,elite
16231,1,1,0.8939943313598633,TF-Hybrid,4,442,0.4807452857494354,elite
16240,0,0,0.187484011054039,TF-Hybrid,4,442,0.4807452857494354,elite
16248,1,1,0.6176088452339172,TF-Hybrid,4,442,0.4807452857494354,elite
16265,1,1,0.7942801713943481,TF-Hybrid,4,442,0.4807452857494354,elite
16275,0,0,0.06496260315179825,TF-Hybrid,4,442,0.4807452857494354,elite
16289,1,1,0.9027495384216309,TF-Hybrid,4,442,0.4807452857494354,elite
16306,1,1,0.836501955986023,TF-Hybrid,4,442,0.4807452857494354,elite
16317,0,0,0.3749510645866394,TF-Hybrid,4,442,0.4807452857494354,elite
303666,1,0,0.15163463354110718,TF-Hybrid,4,442,0.4807452857494354,elite
303430,1,1,0.7443244457244873,TF-Hybrid,4,442,0.4807452857494354,elite
303473,1,1,0.5610446333885193,TF-Hybrid,4,442,0.4807452857494354,elite
303700,0,0,0.45778393745422363,TF-Hybrid,4,442,0.4807452857494354,elite
303600,1,1,0.7436878085136414,TF-Hybrid,4,442,0.4807452857494354,elite
303504,1,0,0.1820937544107437,TF-Hybrid,4,442,0.4807452857494354,elite
303487,1,1,0.8195899724960327,TF-Hybrid,4,442,0.4807452857494354,elite
303715,0,0,0.16982515156269073,TF-Hybrid,4,442,0.4807452857494354,elite
303524,0,0,0.09800995141267776,TF-Hybrid,4,442,0.4807452857494354,elite
303451,1,1,0.8583447337150574,TF-Hybrid,4,442,0.4807452857494354,elite
303664,0,0,0.18318791687488556,TF-Hybrid,4,442,0.4807452857494354,elite
303596,0,1,0.8093759417533875,TF-Hybrid,4,442,0.4807452857494354,elite
303517,1,1,0.9206961393356323,TF-Hybrid,4,442,0.4807452857494354,elite
303652,0,0,0.3675364553928375,TF-Hybrid,4,442,0.4807452857494354,elite
303610,1,1,0.8967386484146118,TF-NN,5,542,,elite
303400,1,1,0.5306235551834106,TF-NN,5,542,,elite
303682,1,1,0.9542715549468994,TF-NN,5,542,,elite
303707,0,0,0.4641321301460266,TF-NN,5,542,,elite
303377,1,1,0.7976400256156921,TF-NN,5,542,,elite
303731,1,1,0.9209784865379333,TF-NN,5,542,,elite
303470,1,1,0.5542728304862976,TF-NN,5,542,,elite
303479,1,1,0.7556321024894714,TF-NN,5,542,,elite
303548,0,0,0.36375412344932556,TF-NN,5,542,,elite
303532,1,1,0.7754627466201782,TF-NN,5,542,,elite
303674,0,0,0.28358784317970276,TF-NN,5,542,,elite
303493,1,1,0.6701582074165344,TF-NN,5,542,,elite
303516,0,0,0.3847683370113373,TF-NN,5,542,,elite
303696,0,1,0.8172783851623535,TF-NN,5,542,,elite
303725,0,0,0.2720319628715515,TF-NN,5,542,,elite
303615,1,1,0.8232365846633911,TF-NN,5,542,,elite
303680,0,0,0.34658724069595337,TF-NN,5,542,,elite
303634,0,1,0.6925561428070068,TF-NN,5,542,,elite
303421,0,0,0.31715622544288635,TF-NN,5,542,,elite
3773593,1,1,0.9423999190330505,TF-NN,5,542,,elite
3773466,0,0,0.2744809687137604,TF-NN,5,542,,elite
3773672,0,1,0.641658365726471,TF-NN,5,542,,elite
3773587,1,1,0.5417039394378662,TF-NN,5,542,,elite
3773585,0,1,0.7325903177261353,TF-NN,5,542,,elite
3773386,0,0,0.3494308292865753,TF-NN,5,542,,elite
3773477,1,1,0.926730215549469,TF-NN,5,542,,elite
3773656,1,0,0.41688084602355957,TF-NN,5,542,,elite
3773547,1,1,0.9546748995780945,TF-NN,5,542,,elite
3773660,1,1,0.7959007024765015,TF-NN,5,542,,elite
3773523,1,1,0.8683943748474121,TF-NN,5,542,,elite
3773377,0,1,0.9564390182495117,TF-NN,5,542,,elite
3773571,0,0,0.31099918484687805,TF-NN,5,542,,elite
3764661,0,0,0.48094165325164795,TF-NN,5,542,,elite
3773565,0,0,0.31261831521987915,TF-NN,5,542,,elite
3773403,1,1,0.743004322052002,TF-NN,5,542,,elite
3773631,0,1,0.5234215259552002,TF-NN,5,542,,elite
3773526,1,1,0.9350886344909668,TF-NN,5,542,,elite
3764440,1,1,0.7953002452850342,TF-NN,5,542,,elite
3773625,0,0,0.3177255690097809,TF-NN,5,542,,elite
3773665,0,1,0.5091443061828613,TF-NN,5,542,,elite
3773597,0,0,0.29578498005867004,TF-NN,5,542,,elite
3773474,1,1,0.7744709253311157,TF-NN,5,542,,elite
3773497,1,0,0.44581589102745056,TF-NN,5,542,,elite
3773661,1,1,0.8574371933937073,TF-NN,5,542,,elite
3773689,0,1,0.6450363993644714,TF-NN,5,542,,elite
3773586,0,1,0.7884260416030884,TF-NN,5,542,,elite
3773695,0,0,0.3774431347846985,TF-NN,5,542,,elite
3773372,0,1,0.5025215744972229,TF-NN,5,542,,elite
3773387,0,0,0.32046547532081604,TF-NN,5,542,,elite
3773457,0,1,0.7515702843666077,TF-NN,5,542,,elite
303610,1,1,0.6954652667045593,TF-Hybrid,5,542,0.47511619329452515,elite
303400,1,0,0.28571954369544983,TF-Hybrid,5,542,0.47511619329452515,elite
303682,1,1,0.8236775398254395,TF-Hybrid,5,542,0.47511619329452515,elite
303707,0,0,0.40285637974739075,TF-Hybrid,5,542,0.47511619329452515,elite
303377,1,1,0.6578101515769958,TF-Hybrid,5,542,0.47511619329452515,elite
303731,1,1,0.8538810014724731,TF-Hybrid,5,542,0.47511619329452515,elite
303470,1,0,0.2990473806858063,TF-Hybrid,5,542,0.47511619329452515,elite
303479,1,1,0.7583707571029663,TF-Hybrid,5,542,0.47511619329452515,elite
303548,0,0,0.13841982185840607,TF-Hybrid,5,542,0.47511619329452515,elite
303532,1,1,0.70931476354599,TF-Hybrid,5,542,0.47511619329452515,elite
303674,0,0,0.24063250422477722,TF-Hybrid,5,542,0.47511619329452515,elite
303493,1,1,0.6486743688583374,TF-Hybrid,5,542,0.47511619329452515,elite
303516,0,0,0.3833494186401367,TF-Hybrid,5,542,0.47511619329452515,elite
303696,0,1,0.7178930044174194,TF-Hybrid,5,542,0.47511619329452515,elite
303725,0,0,0.40771567821502686,TF-Hybrid,5,542,0.47511619329452515,elite
303615,1,1,0.8059867024421692,TF-Hybrid,5,542,0.47511619329452515,elite
303680,0,0,0.12437304854393005,TF-Hybrid,5,542,0.47511619329452515,elite
303634,0,1,0.9556416273117065,TF-Hybrid,5,542,0.47511619329452515,elite
303421,0,0,0.204929918050766,TF-Hybrid,5,542,0.47511619329452515,elite
3773593,1,1,0.9409846663475037,TF-Hybrid,5,542,0.47511619329452515,elite
3773466,0,0,0.14658719301223755,TF-Hybrid,5,542,0.47511619329452515,elite
3773672,0,1,0.9026259183883667,TF-Hybrid,5,542,0.47511619329452515,elite
3773587,1,0,0.15725167095661163,TF-Hybrid,5,542,0.47511619329452515,elite
3773585,0,0,0.3664867877960205,TF-Hybrid,5,542,0.47511619329452515,elite
3773386,0,0,0.40437474846839905,TF-Hybrid,5,542,0.47511619329452515,elite
3773477,1,1,0.6182430982589722,TF-Hybrid,5,542,0.47511619329452515,elite
3773656,1,0,0.2055482566356659,TF-Hybrid,5,542,0.47511619329452515,elite
3773547,1,1,0.8658083081245422,TF-Hybrid,5,542,0.47511619329452515,elite
3773660,1,1,0.7989889979362488,TF-Hybrid,5,542,0.47511619329452515,elite
3773523,1,1,0.884508490562439,TF-Hybrid,5,542,0.47511619329452515,elite
3773377,0,1,0.830592155456543,TF-Hybrid,5,542,0.47511619329452515,elite
3773571,0,0,0.13957540690898895,TF-Hybrid,5,542,0.47511619329452515,elite
3764661,0,0,0.098604716360569,TF-Hybrid,5,542,0.47511619329452515,elite
3773565,0,0,0.04750622436404228,TF-Hybrid,5,542,0.47511619329452515,elite
3773403,1,1,0.7649658918380737,TF-Hybrid,5,542,0.47511619329452515,elite
3773631,0,0,0.15436553955078125,TF-Hybrid,5,542,0.47511619329452515,elite
3773526,1,1,0.90092933177948,TF-Hybrid,5,542,0.47511619329452515,elite
3764440,1,1,0.8938765525817871,TF-Hybrid,5,542,0.47511619329452515,elite
3773625,0,0,0.10445071011781693,TF-Hybrid,5,542,0.47511619329452515,elite
3773665,0,0,0.09679892659187317,TF-Hybrid,5,542,0.47511619329452515,elite
3773597,0,0,0.2560669779777527,TF-Hybrid,5,542,0.47511619329452515,elite
3773474,1,1,0.9340298771858215,TF-Hybrid,5,542,0.47511619329452515,elite
3773497,1,0,0.3628482520580292,TF-Hybrid,5,542,0.47511619329452515,elite
3773661,1,1,0.9011818766593933,TF-Hybrid,5,542,0.47511619329452515,elite
3773689,0,0,0.20824986696243286,TF-Hybrid,5,542,0.47511619329452515,elite
3773586,0,1,0.7255167365074158,TF-Hybrid,5,542,0.47511619329452515,elite
3773695,0,0,0.3050248920917511,TF-Hybrid,5,542,0.47511619329452515,elite
3773372,0,1,0.5910671949386597,TF-Hybrid,5,542,0.47511619329452515,elite
3773387,0,0,0.12886309623718262,TF-Hybrid,5,542,0.47511619329452515,elite
3773457,0,1,0.6614030599594116,TF-Hybrid,5,542,0.47511619329452515,elite
