competition_id,competition_name,fold,raw_train_n,train_after_embargo_n,test_n,test_start_date,test_end_date
2,Premier League,1,144,112,50,2015-12-20,2016-01-16
7,Ligue 1,1,148,118,68,2016-01-08,2016-02-14
11,La Liga,1,303,251,166,2015-10-25,2016-02-26
12,Serie A,1,140,108,51,2016-01-06,2016-02-02
37,FA Women's Super League,1,154,132,55,2020-02-13,2021-01-24
43,FIFA World Cup,1,27,1,12,2022-11-23,2022-11-27
49,NWSL,1,57,34,16,2023-06-05,2023-06-24
131,Serie A Women,1,47,31,13,2024-01-21,2024-02-04
135,Frauen Bundesliga,1,47,28,13,2024-01-29,2024-02-12
182,Liga F,1,90,62,30,2024-01-28,2024-02-18
1238,Indian Super league,1,27,11,9,2022-01-18,2022-01-29
2,Premier League,2,194,161,49,2016-01-17,2016-02-27
7,Ligue 1,2,216,185,55,2016-02-19,2016-04-03
11,La Liga,2,469,417,138,2016-02-27,2016-12-03
12,Serie A,2,191,159,39,2016-02-03,2016-02-22
37,FA Women's Super League,2,209,184,39,2021-01-30,2021-04-25
43,FIFA World Cup,2,39,2,11,2022-11-28,2022-12-02
49,NWSL,2,73,50,17,2023-06-25,2023-08-19
131,Serie A Women,2,60,45,15,2024-02-10,2024-02-18
135,Frauen Bundesliga,2,60,42,13,2024-02-16,2024-03-15
182,Liga F,2,120,95,32,2024-03-09,2024-03-31
1238,Indian Super league,2,36,18,8,2022-01-30,2022-02-09
2,Premier League,3,243,210,45,2016-02-28,2016-04-02
7,Ligue 1,3,271,238,58,2016-04-08,2021-10-24
11,La Liga,3,607,550,50,2016-12-10,2018-04-17
12,Serie A,3,230,200,40,2016-02-27,2016-03-20
37,FA Women's Super League,3,248,224,53,2021-04-28,2023-11-26
43,FIFA World Cup,3,50,8,8,2022-12-03,2022-12-06
49,NWSL,3,90,68,17,2023-08-20,2023-09-04
131,Serie A Women,3,75,60,13,2024-03-16,2024-04-13
135,Frauen Bundesliga,3,73,54,12,2024-03-16,2024-04-12
182,Liga F,3,152,128,23,2024-04-13,2024-04-28
1238,Indian Super league,3,44,26,7,2022-02-10,2022-02-18
2,Premier League,4,288,256,32,2016-04-03,2016-04-23
7,Ligue 1,4,329,294,19,2021-10-29,2022-08-21
11,La Liga,4,657,578,50,2018-04-29,2020-01-04
12,Serie A,4,270,240,40,2016-04-02,2016-04-21
37,FA Women's Super League,4,301,275,43,2023-12-09,2024-03-15
43,FIFA World Cup,4,58,13,5,2022-12-09,2022-12-13
49,NWSL,4,107,86,14,2023-09-16,2023-10-07
131,Serie A Women,4,88,71,15,2024-04-14,2024-05-01
135,Frauen Bundesliga,4,85,66,12,2024-04-13,2024-05-03
182,Liga F,4,175,150,18,2024-05-01,2024-05-14
1238,Indian Super league,4,51,33,8,2022-02-20,2022-02-28
2,Premier League,5,320,285,37,2016-04-24,2016-05-17
7,Ligue 1,5,348,303,19,2022-08-28,2023-04-30
11,La Liga,5,707,623,50,2020-01-19,2021-05-16
12,Serie A,5,310,280,40,2016-04-23,2016-05-15
37,FA Women's Super League,5,344,317,41,2024-03-16,2024-05-18
43,FIFA World Cup,5,63,15,3,2022-12-14,2022-12-18
49,NWSL,5,121,99,15,2023-10-08,2023-11-12
131,Serie A Women,5,103,87,12,2024-05-05,2024-05-19
135,Frauen Bundesliga,5,97,78,17,2024-05-04,2024-05-20
182,Liga F,5,193,168,23,2024-05-24,2024-06-16
1238,Indian Super league,5,59,41,7,2022-03-02,2022-03-15
