competition_id,competition_name,season_id,season_name,category,candidate_n,graph_n,final_included_n
2,Premier League,27,2015/2016,male,380,380,357
2,Premier League,44,2003/2004,male,38,38,0
7,Ligue 1,27,2015/2016,male,377,357,325
7,Ligue 1,108,2021/2022,male,26,26,21
7,Ligue 1,235,2022/2023,male,32,31,21
9,1. Bundesliga,27,2015/2016,male,34,34,0
9,1. Bundesliga,281,2023/2024,male,34,34,12
11,La Liga,1,2017/2018,male,36,36,33
11,La Liga,2,2016/2017,male,34,34,30
11,La Liga,4,2018/2019,male,34,34,32
11,La Liga,21,2009/2010,male,35,35,30
11,La Liga,22,2010/2011,male,33,33,29
11,La Liga,23,2011/2012,male,37,37,33
11,La Liga,24,2012/2013,male,32,32,29
11,La Liga,25,2013/2014,male,31,31,30
11,La Liga,26,2014/2015,male,38,38,32
11,La Liga,27,2015/2016,male,380,380,376
11,La Liga,37,2004/2005,male,7,7,0
11,La Liga,38,2005/2006,male,17,17,0
11,La Liga,39,2006/2007,male,26,26,2
11,La Liga,40,2007/2008,male,27,27,15
11,La Liga,41,2008/2009,male,31,31,22
11,La Liga,42,2019/2020,male,33,33,33
11,La Liga,90,2020/2021,male,35,35,31
11,La Liga,278,1973/1974,male,1,1,0
12,Serie A,27,2015/2016,male,380,380,350
12,Serie A,86,1986/1987,male,1,1,0
16,Champions League,1,2017/2018,male,1,1,0
16,Champions League,2,2016/2017,male,1,1,0
16,Champions League,4,2018/2019,male,1,1,0
16,Champions League,21,2009/2010,male,1,1,0
16,Champions League,22,2010/2011,male,1,1,0
16,Champions League,23,2011/2012,male,1,1,0
16,Champions League,24,2012/2013,male,1,1,0
16,Champions League,25,2013/2014,male,1,1,0
16,Champions League,26,2014/2015,male,1,1,0
16,Champions League,27,2015/2016,male,1,1,0
16,Champions League,37,2004/2005,male,1,1,0
16,Champions League,39,2006/2007,male,1,1,0
16,Champions League,41,2008/2009,male,1,1,0
16,Champions League,44,2003/2004,male,1,1,0
16,Champions League,71,1971/1972,male,1,1,0
16,Champions League,76,1999/2000,male,1,1,0
16,Champions League,276,1970/1971,male,1,1,0
16,Champions League,277,1972/1973,male,1,1,0
35,UEFA Europa League,75,1988/1989,male,3,3,0
37,FA Women's Super League,4,2018/2019,female,107,107,89
37,FA Women's Super League,42,2019/2020,female,87,76,70
37,FA Women's Super League,90,2020/2021,female,131,100,99
37,FA Women's Super League,281,2023/2024,female,132,132,127
43,FIFA World Cup,3,2018,male,64,64,19
43,FIFA World Cup,51,1974,male,6,6,1
43,FIFA World Cup,54,1986,male,3,3,0
43,FIFA World Cup,55,1990,male,1,1,1
43,FIFA World Cup,106,2022,male,64,64,45
43,FIFA World Cup,269,1958,male,2,2,0
43,FIFA World Cup,270,1962,male,1,1,0
43,FIFA World Cup,272,1970,male,6,6,0
44,Major League Soccer,107,2023,male,6,6,0
49,NWSL,3,2018,female,36,29,12
49,NWSL,107,2023,female,137,137,124
53,UEFA Women's Euro,106,2022,female,31,31,7
53,UEFA Women's Euro,315,2025,female,31,31,25
55,UEFA Euro,43,2020,male,51,51,15
55,UEFA Euro,282,2024,male,51,51,37
72,Women's World Cup,30,2019,female,52,52,16
72,Women's World Cup,107,2023,female,64,64,33
81,Liga Profesional,48,1997/1998,male,1,1,0
81,Liga Profesional,275,1981,male,1,1,0
87,Copa del Rey,84,1983/1984,male,1,1,0
87,Copa del Rey,268,1982/1983,male,1,1,0
87,Copa del Rey,279,1977/1978,male,1,1,0
116,North American League,68,1977,male,1,1,0
131,Serie A Women,281,2023/2024,female,130,130,115
135,Frauen Bundesliga,281,2023/2024,female,132,132,114
182,Liga F,281,2023/2024,female,240,240,216
223,Copa America,282,2024,male,32,32,8
1238,Indian Super league,108,2021/2022,male,115,85,66
1267,African Cup of Nations,107,2023,male,52,52,16
1470,FIFA U20 World Cup,274,1979,male,1,1,0
