competition_name,model,n,win_rate,accuracy,balanced_accuracy,macro_f1,win_precision,win_recall,roc_auc,tn,fp,fn,tp
FA Women's Super League,A-MLP,231,0.38095238095238093,0.7835497835497836,0.7858391608391608,0.7765092879256965,0.6862745098039216,0.7954545454545454,0.8432930705657979,111,32,18,70
FA Women's Super League,A-XGB,231,0.38095238095238093,0.7532467532467533,0.7460664335664335,0.7421117574475586,0.6631578947368421,0.7159090909090909,0.8174666242848062,111,32,25,63
FA Women's Super League,B-GNN-full,231,0.38095238095238093,0.8008658008658008,0.7888986013986015,0.7888986013986015,0.7386363636363636,0.7386363636363636,0.868881118881119,120,23,23,65
FA Women's Super League,C-Hybrid-full,231,0.38095238095238093,0.7792207792207793,0.7867132867132867,0.7737251512532412,0.6728971962616822,0.8181818181818182,0.8854100445009536,108,35,16,72
FIFA World Cup,A-MLP,39,0.5384615384615384,0.6153846153846154,0.6150793650793651,0.6143704680290046,0.65,0.6190476190476191,0.6931216931216931,11,7,8,13
FIFA World Cup,A-XGB,39,0.5384615384615384,0.5384615384615384,0.5396825396825398,0.5381578947368422,0.5789473684210527,0.5238095238095238,0.582010582010582,10,8,10,11
FIFA World Cup,B-GNN-full,39,0.5384615384615384,0.5641025641025641,0.5634920634920635,0.5629531970995385,0.6,0.5714285714285714,0.5740740740740741,10,8,9,12
FIFA World Cup,C-Hybrid-full,39,0.5384615384615384,0.6410256410256411,0.6349206349206349,0.6350267379679144,0.6521739130434783,0.7142857142857143,0.6322751322751323,10,8,6,15
Frauen Bundesliga,A-MLP,67,0.4626865671641791,0.7761194029850746,0.7737455197132617,0.7743094543004716,0.7666666666666667,0.7419354838709677,0.818100358422939,29,7,8,23
Frauen Bundesliga,A-XGB,67,0.4626865671641791,0.6865671641791045,0.6792114695340502,0.6794258373205742,0.6923076923076923,0.5806451612903226,0.7795698924731184,28,8,13,18
Frauen Bundesliga,B-GNN-full,67,0.4626865671641791,0.6865671641791045,0.6635304659498208,0.6404293381037567,0.9166666666666666,0.3548387096774194,0.7759856630824373,35,1,20,11
Frauen Bundesliga,C-Hybrid-full,67,0.4626865671641791,0.7313432835820896,0.7186379928315412,0.7171669793621014,0.8095238095238095,0.5483870967741935,0.8136200716845878,32,4,14,17
Indian Super league,A-MLP,39,0.46153846153846156,0.6410256410256411,0.6349206349206349,0.6350267379679144,0.625,0.5555555555555556,0.6904761904761905,15,6,8,10
Indian Super league,A-XGB,39,0.46153846153846156,0.6153846153846154,0.6150793650793651,0.6143704680290046,0.5789473684210527,0.6111111111111112,0.6587301587301587,13,8,7,11
Indian Super league,B-GNN-full,39,0.46153846153846156,0.717948717948718,0.7063492063492063,0.7055593685655457,0.7692307692307693,0.5555555555555556,0.7222222222222223,18,3,8,10
Indian Super league,C-Hybrid-full,39,0.46153846153846156,0.717948717948718,0.7222222222222222,0.717948717948718,0.6666666666666666,0.7777777777777778,0.7857142857142857,14,7,4,14
La Liga,A-MLP,454,0.4933920704845815,0.711453744493392,0.7097437888198759,0.7057883619346317,0.7784431137724551,0.5803571428571429,0.7734277950310559,193,37,94,130
La Liga,A-XGB,454,0.4933920704845815,0.6299559471365639,0.6282608695652174,0.6229235880398671,0.6666666666666666,0.5,0.721486801242236,174,56,112,112
La Liga,B-GNN-full,454,0.4933920704845815,0.6872246696035242,0.6867041925465839,0.6864884842826019,0.6971153846153846,0.6473214285714286,0.7346273291925467,167,63,79,145
La Liga,C-Hybrid-full,454,0.4933920704845815,0.748898678414097,0.7489712732919255,0.7488938053097345,0.7412280701754386,0.7544642857142857,0.7984472049689441,171,59,55,169
Liga F,A-MLP,126,0.42857142857142855,0.6904761904761905,0.6736111111111112,0.6755793226381461,0.6666666666666666,0.5555555555555556,0.705761316872428,57,15,24,30
Liga F,A-XGB,126,0.42857142857142855,0.6587301587301587,0.6435185185185186,0.6447446069110222,0.6170212765957447,0.5370370370370371,0.7101337448559671,54,18,25,29
Liga F,B-GNN-full,126,0.42857142857142855,0.6587301587301587,0.6273148148148148,0.6225705329153606,0.6666666666666666,0.4074074074074074,0.7505144032921811,61,11,32,22
Liga F,C-Hybrid-full,126,0.42857142857142855,0.6507936507936508,0.6365740740740742,0.6376470588235295,0.6041666666666666,0.5370370370370371,0.7397119341563785,53,19,25,29
Ligue 1,A-MLP,219,0.4657534246575342,0.5753424657534246,0.5673705379587732,0.5648541822454867,0.5542168674698795,0.45098039215686275,0.6343221049103401,80,37,56,46
Ligue 1,A-XGB,219,0.4657534246575342,0.5616438356164384,0.5532931121166416,0.5501540568298529,0.5365853658536586,0.43137254901960786,0.624601977543154,79,38,58,44
Ligue 1,B-GNN-full,219,0.4657534246575342,0.6621004566210046,0.6542232277526395,0.6532437521396781,0.6707317073170732,0.5392156862745098,0.6920563097033686,90,27,47,55
Ligue 1,C-Hybrid-full,219,0.4657534246575342,0.680365296803653,0.6769733534439417,0.67739898989899,0.6666666666666666,0.6274509803921569,0.7295123177476119,85,32,38,64
NWSL,A-MLP,79,0.43037974683544306,0.5189873417721519,0.49869281045751634,0.4956317204301075,0.42857142857142855,0.35294117647058826,0.5274509803921569,29,16,22,12
NWSL,A-XGB,79,0.43037974683544306,0.5189873417721519,0.4950980392156863,0.4894557823129252,0.4230769230769231,0.3235294117647059,0.4908496732026144,30,15,23,11
NWSL,B-GNN-full,79,0.43037974683544306,0.5443037974683544,0.5101307189542483,0.4935897435897436,0.45,0.2647058823529412,0.5830065359477123,34,11,25,9
NWSL,C-Hybrid-full,79,0.43037974683544306,0.6075949367088608,0.5908496732026144,0.5908103592314118,0.5517241379310345,0.47058823529411764,0.6137254901960784,32,13,18,16
Premier League,A-MLP,213,0.4507042253521127,0.6244131455399061,0.609508547008547,0.6068660022148394,0.6111111111111112,0.4583333333333333,0.6565170940170939,89,28,52,44
Premier League,A-XGB,213,0.4507042253521127,0.5727699530516432,0.5578258547008548,0.5537264292128106,0.5342465753424658,0.40625,0.6120904558404557,83,34,57,39
Premier League,B-GNN-full,213,0.4507042253521127,0.6197183098591549,0.6117788461538461,0.6120218579234973,0.5862068965517241,0.53125,0.6597222222222223,81,36,45,51
Premier League,C-Hybrid-full,213,0.4507042253521127,0.676056338028169,0.6761485042735043,0.6746507869745202,0.6310679611650486,0.6770833333333334,0.7029024216524216,79,38,31,65
Serie A,A-MLP,210,0.44285714285714284,0.6666666666666666,0.6468155500413565,0.6448932263986858,0.676923076923077,0.4731182795698925,0.7243819501884018,96,21,49,44
Serie A,A-XGB,210,0.44285714285714284,0.6523809523809524,0.6384063964709126,0.6386053419458262,0.631578947368421,0.5161290322580645,0.6823821339950372,89,28,45,48
Serie A,B-GNN-full,210,0.44285714285714284,0.6523809523809524,0.6373035566583953,0.6371683510449457,0.6351351351351351,0.5053763440860215,0.7093098060839996,90,27,46,47
Serie A,C-Hybrid-full,210,0.44285714285714284,0.6761904761904762,0.6685966363385718,0.6694444444444445,0.6436781609195402,0.6021505376344086,0.7467144563918758,86,31,37,56
Serie A Women,A-MLP,68,0.4852941176470588,0.6764705882352942,0.6735930735930736,0.6719298245614035,0.7037037037037037,0.5757575757575758,0.7826839826839828,27,8,14,19
Serie A Women,A-XGB,68,0.4852941176470588,0.6470588235294118,0.6441558441558441,0.6421052631578947,0.6666666666666666,0.5454545454545454,0.7463203463203464,26,9,15,18
Serie A Women,B-GNN-full,68,0.4852941176470588,0.6764705882352942,0.6718614718614719,0.6660714285714285,0.7391304347826086,0.5151515151515151,0.7281385281385282,29,6,16,17
Serie A Women,C-Hybrid-full,68,0.4852941176470588,0.6764705882352942,0.6753246753246753,0.6753472222222222,0.6774193548387096,0.6363636363636364,0.8112554112554112,25,10,12,21
