competition_id,competition_name,candidate_n,graph_n,history_n,final_included_n
2,Premier League,418,418,357,357
7,Ligue 1,435,414,367,367
9,1. Bundesliga,68,68,12,12
11,La Liga,867,867,757,757
12,Serie A,381,381,350,350
16,Champions League,18,18,0,0
35,UEFA Europa League,3,3,0,0
37,FA Women's Super League,457,415,385,385
43,FIFA World Cup,147,147,66,66
44,Major League Soccer,6,6,0,0
49,NWSL,173,166,136,136
53,UEFA Women's Euro,62,62,32,32
55,UEFA Euro,102,102,52,52
72,Women's World Cup,116,116,49,49
81,Liga Profesional,2,2,0,0
87,Copa del Rey,3,3,0,0
116,North American League,1,1,0,0
131,Serie A Women,130,130,115,115
135,Frauen Bundesliga,132,132,114,114
182,Liga F,240,240,216,216
223,Copa America,32,32,8,8
1238,Indian Super league,115,85,66,66
1267,African Cup of Nations,52,52,16,16
1470,FIFA U20 World Cup,1,1,0,0
