competition_name,paired_n,hybrid_accuracy,mlp_accuracy,hybrid_minus_mlp_accuracy_pp,hybrid_macro_f1,mlp_macro_f1,hybrid_minus_mlp_macro_f1_pp,accuracy_ci_lower,accuracy_ci_upper,macro_f1_ci_lower,macro_f1_ci_upper,hybrid_correct_mlp_wrong,mlp_correct_hybrid_wrong,mcnemar_exact_p_raw,ci_reported,ci_rule,bootstrap_samples_if_reported,mcnemar_exact_p_holm
FA Women's Super League,231,0.7792207792207793,0.7835497835497836,-0.43290043290042934,0.7737251512532412,0.7765092879256965,-0.2784136672455362,-0.04761904761904767,0.04329004329004327,-0.04746504042602438,0.0441156188983519,13,14,1.0,True,paired bootstrap reported when n>=50 and both classes present,5000,1.0
FIFA World Cup,39,0.6410256410256411,0.6153846153846154,2.564102564102566,0.6350267379679144,0.6143704680290046,2.065626993890979,,,,,5,4,1.0,False,paired bootstrap reported when n>=50 and both classes present,5000,1.0
Frauen Bundesliga,67,0.7313432835820896,0.7761194029850746,-4.477611940298509,0.7171669793621014,0.7743094543004716,-5.714247493837021,-0.13432835820895528,0.04477611940298509,-0.15370613238240877,0.03083355709924692,3,6,0.5078125,True,paired bootstrap reported when n>=50 and both classes present,5000,1.0
Indian Super league,39,0.717948717948718,0.6410256410256411,7.692307692307687,0.717948717948718,0.6350267379679144,8.292197998080352,,,,,8,5,0.5810546875,False,paired bootstrap reported when n>=50 and both classes present,5000,1.0
La Liga,454,0.748898678414097,0.711453744493392,3.7444933920704915,0.7488938053097345,0.7057883619346317,4.31054433751028,-0.0066079295154185536,0.08149779735682816,-0.0016630199609016375,0.08696994135869977,60,43,0.11446824201255822,True,paired bootstrap reported when n>=50 and both classes present,5000,1.0
Liga F,126,0.6507936507936508,0.6904761904761905,-3.9682539682539653,0.6376470588235295,0.6755793226381461,-3.7932263814616674,-0.11111111111111116,0.031746031746031744,-0.1154043373719121,0.03825149528433725,9,14,0.4048728942871094,True,paired bootstrap reported when n>=50 and both classes present,5000,1.0
Ligue 1,219,0.680365296803653,0.5753424657534246,10.502283105022837,0.67739898989899,0.5648541822454867,11.254480765350328,0.03196347031963476,0.17808219178082196,0.03806351978358068,0.18821169283179603,45,22,0.006741447363103123,True,paired bootstrap reported when n>=50 and both classes present,5000,0.07415592099413436
NWSL,79,0.6075949367088608,0.5189873417721519,8.860759493670889,0.5908103592314118,0.4956317204301075,9.517863880130427,-0.050632911392405,0.21518987341772156,-0.048084523696134945,0.23176151397701847,19,12,0.28104151505976915,True,paired bootstrap reported when n>=50 and both classes present,5000,1.0
Premier League,213,0.676056338028169,0.6244131455399061,5.164319248826288,0.6746507869745202,0.6068660022148394,6.778478475968075,-0.014084507042253502,0.11737089201877937,-0.001920099762480029,0.1371445663139209,32,21,0.16897782228771874,True,paired bootstrap reported when n>=50 and both classes present,5000,1.0
Serie A,210,0.6761904761904762,0.6666666666666666,0.9523809523809601,0.6694444444444445,0.6448932263986858,2.455121804575866,-0.06190476190476191,0.080952380952381,-0.05010815601658802,0.09979782171144932,31,29,0.8974218269914307,True,paired bootstrap reported when n>=50 and both classes present,5000,1.0
Serie A Women,68,0.6764705882352942,0.6764705882352942,0.0,0.6753472222222222,0.6719298245614035,0.3417397660818722,-0.08823529411764708,0.08823529411764708,-0.08743810224098847,0.09512324681772887,5,5,1.0,True,paired bootstrap reported when n>=50 and both classes present,5000,1.0
