path,bytes,sha256
README_EXPERIMENT5_PACKAGE.md,889,10ac4d7a3e460f053afc0a3deaace12978e7dd44da26190a003639b2968f1046
config_experiment5_global.yaml,1878,9b840a4830bd91ab6f377fe228abbb90f0e5c9f202c169309c4b536b65e8460c
config_final.yaml,1959,4791706fa86ab03d66cc6ad43fc19cc6c3ffbe011b1e949bf27b5a659d08289c
outputs/experiment5_global_pooled_consistency/README_EXPERIMENT5.txt,1974,276755976c7acc5a221b0ea5911d95b372559023bef4d63d3a5822db4b1462f4
outputs/experiment5_global_pooled_consistency/candidate_match_manifest.csv,284666,2ba54a11e59d82db8ec84e0f525225f0e02fd594127644d3aee5544716173875
outputs/experiment5_global_pooled_consistency/cohort_manifest.csv,491885,c255e85d6b7ee24921a43cdcaea592d546874e8d16ec61cc74d2441508319695
outputs/experiment5_global_pooled_consistency/environment.json,347,030b496345ce5cae2777878342cfdcb47e0354c9fcc47426ad732eecd7a931e8
outputs/experiment5_global_pooled_consistency/environment_freeze.txt,12721,789abc04eb289adc872a0a026ab4f29d113cd111f75cd0a53582a456ac5b227e
outputs/experiment5_global_pooled_consistency/experiment5_config.json,2450,17d99c3770540f2e1eb92f082fb138e62b04cbf7852e9c4705ea56abd93a41ab
outputs/experiment5_global_pooled_consistency/global_cohort_flow.csv,158,3227360298dd645e3746338b014eacaeb37e887d7944dafa18f8ac35ccfbd620
outputs/experiment5_global_pooled_consistency/global_cohort_flow_by_competition.csv,827,5599c76eb1487b31b61a4e3e432d89784ca2b44256cf898fa57033a835fc1112
outputs/experiment5_global_pooled_consistency/global_competition_coverage_summary.csv,1091,3fe77623c6bf4525cadbe8f5be06977f1f1c664c68ed8068a7e9f342ece374b5
outputs/experiment5_global_pooled_consistency/global_competition_delta_distribution.csv,376,f68002e961e60fb45a48d222f02bd6585fe8a217e05b4e8a182b68b4a4a1bf53
outputs/experiment5_global_pooled_consistency/global_competition_fold_coverage.csv,1161,f7390c1216b08aad8ebc380650e52475a7e039e0317f3fa9041405984cf6793b
outputs/experiment5_global_pooled_consistency/global_competition_fold_details.csv,2864,eb01208f92a9b3660920466d3f16429580584c5d86d0a5a920d91933ee08cef8
outputs/experiment5_global_pooled_consistency/global_competition_format_mapping.csv,452,0b176301c522676143dcb787c9528369ff4dacd8cce58b607f1f12a192698033
outputs/experiment5_global_pooled_consistency/global_competition_macro_summary.csv,685,c79f2f3218e303eb17858103db5998864368bd7b54de0bda29f6469f458c5b62
outputs/experiment5_global_pooled_consistency/global_competition_season_manifest.csv,3470,101af1f733f242d237914a3f25c0ddf00281fe00aada218a6d020fe9f0665271
outputs/experiment5_global_pooled_consistency/global_elite_overlap.csv,184,0c961c95fe078a9395e8205ac074a5c8b5cf12261a4d734c2361c368012147a0
outputs/experiment5_global_pooled_consistency/global_fold_assignments.csv,1048271,ec7f936e08e2def46d45f78a8f79ecd1c22d38157b5a6eecb1afdb92c6b7b6e9
outputs/experiment5_global_pooled_consistency/global_fold_summary.csv,656,3c6b6415959473a2d9e1880da34ddbf0b573ca689d57fcfb88131565f7bf4a4a
outputs/experiment5_global_pooled_consistency/global_format_metrics.csv,1421,3153947c350206bc4676eb83d400644d367bd3894987275868e11ec1c6b22063
outputs/experiment5_global_pooled_consistency/global_format_pairwise.csv,904,31230552916fd5dbe2471a205e411cdc31a64156c839e018192e39a50707f9c9
outputs/experiment5_global_pooled_consistency/global_gender_metrics.csv,1448,787aaaefede17f7942d87b68292985c8b21fb17798f60994e0863de2ad9fb457
outputs/experiment5_global_pooled_consistency/global_gender_pairwise.csv,1004,a910c218d4ae1a36b01291241e225b1e05a51420cb7682adf4d97099dcb8b089
outputs/experiment5_global_pooled_consistency/global_inner_split_audit.csv,3811,b7a375eb83c303e381b22be35cb2c96f91c8e1d92f7947b2086339ff6e382f93
outputs/experiment5_global_pooled_consistency/global_oof_predictions.csv,1347334,f3cc9d26f63a883162f6ce47aacf55102dd4d5f1c666ea81895efe22a9f1bc5f
outputs/experiment5_global_pooled_consistency/global_parameter_counts.csv,74,97cfa9a9cb4065fea0fa35680a1d20ae08e00387ac4e8ca618f731bae65bafa6
outputs/experiment5_global_pooled_consistency/global_per_competition_metrics.csv,7530,6433ae5e4189ef6ecd6ae2d5521d89dfc7d356b8b9bab5ebac300f5f5e40ffa6
outputs/experiment5_global_pooled_consistency/global_per_competition_pairwise.csv,3571,ef2a789bd05d34c1ca70deb6fb2bf363617a74d5807f4eb5c1af858cce2e8a2e
outputs/experiment5_global_pooled_consistency/global_pooled_pairwise_inference.csv,1389,397beecc194b2a2b40065e56a997a21a071ef760fdd17ebb0d4d608c86d4ec7d
outputs/experiment5_global_pooled_consistency/global_pooled_primary_table.csv,1058,37110223094ba918709269c4c1e01b07606b37132fd0ee908df80bf18f851dce
outputs/experiment5_global_pooled_consistency/global_results.csv,5042,2d27659c774a80a86af9be50f1bc6a5b1a3c98d55b1e699e42f0a655fa128e8d
outputs/experiment5_global_pooled_consistency/global_runtime_summary.csv,1556,759874a69dda950dd5d44422c0c0e6ec6f8578c3a7e58a38c15a77ac326e73ca
outputs/experiment5_global_pooled_consistency/global_selected_epochs.csv,639,a0bcc26d6080f4838384fbd8c75fae22607df022471f08e3756bd23f088779a2
outputs/experiment5_global_pooled_consistency/history_feature_order.json,482,b6578ff3ba999a3d6eb5b3a147b6dd825fb1227fd24f871fba2d674bcd67902d
outputs/experiment5_global_pooled_consistency/included_samples.csv,1262101,90f23985ff14c78794416f27e2d031b8f4632ecd2ca5e3f82507769d570176a4
outputs/experiment5_global_pooled_consistency/reproducibility_metadata.json,1339,b17cc7a1c2c07d750c993865fcbf43868e1bb05433f96cddd337a5c139863e91
reference_elite/included_samples.csv,280215,5a19bc31a47982da1c40a8f06e4cb4de2c72c4770ac6661896c924cda71688a8
requirements.txt,93,473a5bfa61e5f9450d17c28d13f1a0b75512735899e5ea6165653a46b38a9270
run_experiment5_global.py,42524,7f92eee89bf8647d90a1b6a87d3ca1b5f1fe6e9bcdbb1d24d043bd2d6f50fd53
src/__init__.py,0,e3b0c44298fc1c149afbf4c8996fb92427ae41e4649b934ca495991b7852b855
src/config.py,473,c7ecce9bac78feee243636f2cb479fe45110d95700bfb1588e1b5042835d1964
src/data_pipeline.py,6445,ac4ba8ed3e05ce18b54c9214232d438883c537db5030cd29f93f03c548c7862c
src/evaluation.py,2601,2f511b7b9c12cf9dec5464a96b682018c4f54139f7e6ed95367b5d55b615a3fc
src/final_protocol.py,13840,a4405da64ce7ba4d0718d45289b355e7cde2b648ab261c39a326142f40a3606c
src/global_protocol.py,14782,e5b7b85c29dab5832aeb5722f9ee9044bd4996d9b1fb7f76ce7627c1df71ac6f
src/graph_builder.py,5664,32edb58bc83ecba6b35a6dd76040c6f08edac8c389b439b1f67857c5f6f441b5
src/history.py,4295,e4e75378806c31d6e1c547a2ec321ef25e3284e1d654a2f5ff98d01b57cf701a
src/models.py,4197,3cf3dadf8200c0da3f99c48318e30b5fdec518fa7121d2e90de3c7fc39270288
src/reproducibility.py,1635,115408c514b47f97adcae6c1cc993fb8b6a89db7cd3afd41c290e0eb76ba695e
src/scaling.py,2432,77010f0849cca122ba3d7413628ea71ce6a49488b8e3448b3aacecb6b3172a1b
src/splits.py,2355,992e88b66c50aecf1e0c0e458ac428352c588e6155a3f69984e4bf7d6049b443
src/training.py,5855,a1ad65a273c7a0190103b594c2872b8a70950c420d3cf66f771a06bbc1ffb4a7
tests/conftest.py,214,0982391d94c89a22a102dbc374edaa01ac08ab20446914fbb6cee146cd8a8a32
tests/test_global_protocol.py,2527,7022522f25cadbd4bae2ea6db6d328e8eb79b690706e82d5d9941452f4898e2b
tests/test_graph_builder.py,611,7039ab2a849b65d968c2e19a05490de2c801124e3f8a88190c0c7c73421bc765
tests/test_reproducibility.py,334,18adbeb046f91f495d08a986084350e989810067c026379c2cb2152c1365b2ff
