cohort,seed_schedule,seed_schedule_index,fold,seed,model,best_epoch,validation_macro_f1,source
elite,S0,0,1,142,A-MLP,6,0.6003134796238244,frozen_original
elite,S0,0,1,142,C-Hybrid-positional,23,0.7064144736842105,frozen_original
elite,S0,0,2,242,A-MLP,7,0.6428571428571429,frozen_original
elite,S0,0,2,242,C-Hybrid-positional,4,0.6547129695251594,frozen_original
elite,S0,0,3,342,A-MLP,1,0.6393762183235867,frozen_original
elite,S0,0,3,342,C-Hybrid-positional,7,0.7485949165338479,frozen_original
elite,S0,0,4,442,A-MLP,2,0.6819981724032897,frozen_original
elite,S0,0,4,442,C-Hybrid-positional,9,0.7756633402955055,frozen_original
elite,S0,0,5,542,A-MLP,2,0.6952939022157114,frozen_original
elite,S0,0,5,542,C-Hybrid-positional,5,0.7733129770992366,frozen_original
elite,S0,0,1,142,C-Hybrid-globalmean,3,0.5952380952380952,frozen_original
elite,S0,0,2,242,C-Hybrid-globalmean,16,0.7343300747556067,frozen_original
elite,S0,0,3,342,C-Hybrid-globalmean,7,0.7807642765135251,frozen_original
elite,S0,0,4,442,C-Hybrid-globalmean,12,0.7593545908567039,frozen_original
elite,S0,0,5,542,C-Hybrid-globalmean,24,0.7807682896990458,frozen_original
global,S0,0,1,142,A-MLP,3,0.5970248990383219,frozen_original
global,S0,0,1,142,C-Hybrid-positional,27,0.7488794391449258,frozen_original
global,S0,0,2,242,A-MLP,4,0.6246464117338921,frozen_original
global,S0,0,2,242,C-Hybrid-positional,7,0.7287644787644787,frozen_original
global,S0,0,3,342,A-MLP,2,0.6676967584982576,frozen_original
global,S0,0,3,342,C-Hybrid-positional,2,0.7216263582194182,frozen_original
global,S0,0,4,442,A-MLP,5,0.6603524644237113,frozen_original
global,S0,0,4,442,C-Hybrid-positional,11,0.7328629032258065,frozen_original
global,S0,0,5,542,A-MLP,2,0.6601221401877677,frozen_original
global,S0,0,5,542,C-Hybrid-positional,2,0.7214692284459726,frozen_original
elite,S1,1,1,1142,A-MLP,1,0.6582577847851794,new_retraining
elite,S1,1,1,1142,C-Hybrid-positional,14,0.6565656565656566,new_retraining
elite,S1,1,1,1142,C-Hybrid-globalmean,16,0.7228260869565217,new_retraining
elite,S1,1,2,1242,A-MLP,10,0.6897727272727273,new_retraining
elite,S1,1,2,1242,C-Hybrid-positional,8,0.6904761904761905,new_retraining
elite,S1,1,2,1242,C-Hybrid-globalmean,13,0.7141236528644356,new_retraining
elite,S1,1,3,1342,A-MLP,5,0.6309840425531915,new_retraining
elite,S1,1,3,1342,C-Hybrid-positional,8,0.759469532807489,new_retraining
elite,S1,1,3,1342,C-Hybrid-globalmean,9,0.7510351966873706,new_retraining
elite,S1,1,4,1442,A-MLP,2,0.6623774509803921,new_retraining
elite,S1,1,4,1442,C-Hybrid-positional,10,0.7559036707972878,new_retraining
elite,S1,1,4,1442,C-Hybrid-globalmean,13,0.7512254901960784,new_retraining
elite,S1,1,5,1542,A-MLP,4,0.6952939022157114,new_retraining
elite,S1,1,5,1542,C-Hybrid-positional,4,0.7653958944281525,new_retraining
elite,S1,1,5,1542,C-Hybrid-globalmean,6,0.8026518655565834,new_retraining
elite,S2,2,1,2142,A-MLP,4,0.6458333333333333,new_retraining
elite,S2,2,1,2142,C-Hybrid-positional,43,0.7120967741935484,new_retraining
elite,S2,2,1,2142,C-Hybrid-globalmean,7,0.6644736842105263,new_retraining
elite,S2,2,2,2242,A-MLP,6,0.6428571428571429,new_retraining
elite,S2,2,2,2242,C-Hybrid-positional,27,0.702338766832034,new_retraining
elite,S2,2,2,2242,C-Hybrid-globalmean,9,0.6666666666666666,new_retraining
elite,S2,2,3,2342,A-MLP,2,0.6879960317460317,new_retraining
elite,S2,2,3,2342,C-Hybrid-positional,6,0.740133779264214,new_retraining
elite,S2,2,3,2342,C-Hybrid-globalmean,12,0.7510351966873706,new_retraining
elite,S2,2,4,2442,A-MLP,4,0.6881720430107527,new_retraining
elite,S2,2,4,2442,C-Hybrid-positional,5,0.7526652452025586,new_retraining
elite,S2,2,4,2442,C-Hybrid-globalmean,9,0.7593545908567039,new_retraining
elite,S2,2,5,2542,A-MLP,5,0.7327437975927291,new_retraining
elite,S2,2,5,2542,C-Hybrid-positional,7,0.7786014331603657,new_retraining
elite,S2,2,5,2542,C-Hybrid-globalmean,9,0.7793103448275862,new_retraining
elite,S3,3,1,3142,A-MLP,7,0.6802507836990596,new_retraining
elite,S3,3,1,3142,C-Hybrid-positional,23,0.7532258064516129,new_retraining
elite,S3,3,1,3142,C-Hybrid-globalmean,8,0.6640316205533596,new_retraining
elite,S3,3,2,3242,A-MLP,4,0.6309000708717222,new_retraining
elite,S3,3,2,3242,C-Hybrid-positional,15,0.7326388888888888,new_retraining
elite,S3,3,2,3242,C-Hybrid-globalmean,4,0.6897727272727273,new_retraining
elite,S3,3,3,3342,A-MLP,6,0.6494348404255319,new_retraining
elite,S3,3,3,3342,C-Hybrid-positional,7,0.7264084507042254,new_retraining
elite,S3,3,3,3342,C-Hybrid-globalmean,14,0.7486062717770035,new_retraining
elite,S3,3,4,3442,A-MLP,6,0.666060606060606,new_retraining
elite,S3,3,4,3442,C-Hybrid-positional,12,0.7253913707521955,new_retraining
elite,S3,3,4,3442,C-Hybrid-globalmean,11,0.7674992291088498,new_retraining
elite,S3,3,5,3542,A-MLP,1,0.7170228445099485,new_retraining
elite,S3,3,5,3542,C-Hybrid-positional,14,0.7734236708783495,new_retraining
elite,S3,3,5,3542,C-Hybrid-globalmean,10,0.7641857037582904,new_retraining
elite,S4,4,1,4142,A-MLP,4,0.6222222222222222,new_retraining
elite,S4,4,1,4142,C-Hybrid-positional,14,0.6524307133121308,new_retraining
elite,S4,4,1,4142,C-Hybrid-globalmean,11,0.6694444444444445,new_retraining
elite,S4,4,2,4242,A-MLP,2,0.6897727272727273,new_retraining
elite,S4,4,2,4242,C-Hybrid-positional,21,0.7128205128205127,new_retraining
elite,S4,4,2,4242,C-Hybrid-globalmean,33,0.723010752688172,new_retraining
elite,S4,4,3,4342,A-MLP,3,0.6391597899474869,new_retraining
elite,S4,4,3,4342,C-Hybrid-positional,8,0.7570265300761754,new_retraining
elite,S4,4,3,4342,C-Hybrid-globalmean,8,0.753248974008208,new_retraining
elite,S4,4,4,4442,A-MLP,4,0.697173118520176,new_retraining
elite,S4,4,4,4442,C-Hybrid-positional,9,0.7539393939393939,new_retraining
elite,S4,4,4,4442,C-Hybrid-globalmean,12,0.7879987816021932,new_retraining
elite,S4,4,5,4542,A-MLP,5,0.6874236874236874,new_retraining
elite,S4,4,5,4542,C-Hybrid-positional,8,0.7887401430405281,new_retraining
elite,S4,4,5,4542,C-Hybrid-globalmean,8,0.7793103448275862,new_retraining
global,S1,1,1,1142,A-MLP,16,0.6255072463768117,new_retraining
global,S1,1,1,1142,C-Hybrid-positional,32,0.7587719298245614,new_retraining
global,S1,1,2,1242,A-MLP,5,0.6562801776862164,new_retraining
global,S1,1,2,1242,C-Hybrid-positional,15,0.7280183392766175,new_retraining
global,S1,1,3,1342,A-MLP,2,0.6740132814435379,new_retraining
global,S1,1,3,1342,C-Hybrid-positional,4,0.7084363298171761,new_retraining
global,S1,1,4,1442,A-MLP,2,0.6521253382211748,new_retraining
global,S1,1,4,1442,C-Hybrid-positional,18,0.7310859069222637,new_retraining
global,S1,1,5,1542,A-MLP,2,0.6596721823434049,new_retraining
global,S1,1,5,1542,C-Hybrid-positional,14,0.7322819395448572,new_retraining
global,S2,2,1,2142,A-MLP,20,0.6264123257520176,new_retraining
global,S2,2,1,2142,C-Hybrid-positional,25,0.7112544802867384,new_retraining
global,S2,2,2,2242,A-MLP,12,0.6509316770186335,new_retraining
global,S2,2,2,2242,C-Hybrid-positional,20,0.7242886450807243,new_retraining
global,S2,2,3,2342,A-MLP,2,0.6715793304221251,new_retraining
global,S2,2,3,2342,C-Hybrid-positional,5,0.7086313400513038,new_retraining
global,S2,2,4,2442,A-MLP,8,0.6574495061182368,new_retraining
global,S2,2,4,2442,C-Hybrid-positional,7,0.7273404183307386,new_retraining
global,S2,2,5,2542,A-MLP,1,0.6648571886667125,new_retraining
global,S2,2,5,2542,C-Hybrid-positional,3,0.7250565307329961,new_retraining
global,S3,3,1,3142,A-MLP,32,0.6375641966250918,new_retraining
global,S3,3,1,3142,C-Hybrid-positional,20,0.7658263305322128,new_retraining
global,S3,3,2,3242,A-MLP,6,0.6483739050788859,new_retraining
global,S3,3,2,3242,C-Hybrid-positional,20,0.7300188314267048,new_retraining
global,S3,3,3,3342,A-MLP,1,0.6607359031538707,new_retraining
global,S3,3,3,3342,C-Hybrid-positional,5,0.7083063994828701,new_retraining
global,S3,3,4,3442,A-MLP,2,0.6584477444662371,new_retraining
global,S3,3,4,3442,C-Hybrid-positional,24,0.7332967359729179,new_retraining
global,S3,3,5,3542,A-MLP,2,0.6702941176470588,new_retraining
global,S3,3,5,3542,C-Hybrid-positional,5,0.7205053011504624,new_retraining
global,S4,4,1,4142,A-MLP,1,0.6334686591229737,new_retraining
global,S4,4,1,4142,C-Hybrid-positional,44,0.7597977243994943,new_retraining
global,S4,4,2,4242,A-MLP,9,0.6523352922981751,new_retraining
global,S4,4,2,4242,C-Hybrid-positional,15,0.7420440636474908,new_retraining
global,S4,4,3,4342,A-MLP,1,0.6749198880460796,new_retraining
global,S4,4,3,4342,C-Hybrid-positional,5,0.7148774983881367,new_retraining
global,S4,4,4,4442,A-MLP,2,0.6615810417396397,new_retraining
global,S4,4,4,4442,C-Hybrid-positional,25,0.7446966188050024,new_retraining
global,S4,4,5,4542,A-MLP,1,0.6584986280425376,new_retraining
global,S4,4,5,4542,C-Hybrid-positional,5,0.7163555492464571,new_retraining
