cohort,seed_schedule,fold,seed,model,gate_value
elite,S0,1,142,C-Hybrid-positional,0.4802449643611908
elite,S0,2,242,C-Hybrid-positional,0.4884176254272461
elite,S0,3,342,C-Hybrid-positional,0.4780621528625488
elite,S0,4,442,C-Hybrid-positional,0.4863568544387817
elite,S0,5,542,C-Hybrid-positional,0.4862120747566223
elite,S0,1,142,C-Hybrid-globalmean,0.4980800151824951
elite,S0,2,242,C-Hybrid-globalmean,0.4787571132183075
elite,S0,3,342,C-Hybrid-globalmean,0.4884839653968811
elite,S0,4,442,C-Hybrid-globalmean,0.4862903654575348
elite,S0,5,542,C-Hybrid-globalmean,0.4701340794563293
global,S0,1,142,C-Hybrid-positional,0.462214857339859
global,S0,2,242,C-Hybrid-positional,0.4894361197948456
global,S0,3,342,C-Hybrid-positional,0.4875942170619964
global,S0,4,442,C-Hybrid-positional,0.4814533293247223
global,S0,5,542,C-Hybrid-positional,0.4904311001300812
elite,S1,1,1142,C-Hybrid-positional,0.4904904961585998
elite,S1,1,1142,C-Hybrid-globalmean,0.476708322763443
elite,S1,2,1242,C-Hybrid-positional,0.4822573959827423
elite,S1,2,1242,C-Hybrid-globalmean,0.4741169512271881
elite,S1,3,1342,C-Hybrid-positional,0.4824144244194031
elite,S1,3,1342,C-Hybrid-globalmean,0.4861659109592438
elite,S1,4,1442,C-Hybrid-positional,0.4800819456577301
elite,S1,4,1442,C-Hybrid-globalmean,0.4776672720909118
elite,S1,5,1542,C-Hybrid-positional,0.495846152305603
elite,S1,5,1542,C-Hybrid-globalmean,0.4889512360095978
elite,S2,1,2142,C-Hybrid-positional,0.4576286673545837
elite,S2,1,2142,C-Hybrid-globalmean,0.4892396032810211
elite,S2,2,2242,C-Hybrid-positional,0.4627376496791839
elite,S2,2,2242,C-Hybrid-globalmean,0.4832367300987243
elite,S2,3,2342,C-Hybrid-positional,0.4920802414417267
elite,S2,3,2342,C-Hybrid-globalmean,0.4858516752719879
elite,S2,4,2442,C-Hybrid-positional,0.4816493391990661
elite,S2,4,2442,C-Hybrid-globalmean,0.4831276834011078
elite,S2,5,2542,C-Hybrid-positional,0.4844464659690857
elite,S2,5,2542,C-Hybrid-globalmean,0.4736303389072418
elite,S3,1,3142,C-Hybrid-positional,0.4856114089488983
elite,S3,1,3142,C-Hybrid-globalmean,0.4841225743293762
elite,S3,2,3242,C-Hybrid-positional,0.4750517308712005
elite,S3,2,3242,C-Hybrid-globalmean,0.4860909283161163
elite,S3,3,3342,C-Hybrid-positional,0.483661025762558
elite,S3,3,3342,C-Hybrid-globalmean,0.4861063957214355
elite,S3,4,3442,C-Hybrid-positional,0.4829169809818268
elite,S3,4,3442,C-Hybrid-globalmean,0.4772656559944153
elite,S3,5,3542,C-Hybrid-positional,0.4771640598773956
elite,S3,5,3542,C-Hybrid-globalmean,0.4874762296676636
elite,S4,1,4142,C-Hybrid-positional,0.4836000204086303
elite,S4,1,4142,C-Hybrid-globalmean,0.4824701845645904
elite,S4,2,4242,C-Hybrid-positional,0.4646556973457336
elite,S4,2,4242,C-Hybrid-globalmean,0.4749894440174103
elite,S4,3,4342,C-Hybrid-positional,0.4838796854019165
elite,S4,3,4342,C-Hybrid-globalmean,0.4818668961524963
elite,S4,4,4442,C-Hybrid-positional,0.481808066368103
elite,S4,4,4442,C-Hybrid-globalmean,0.4810086488723755
elite,S4,5,4542,C-Hybrid-positional,0.4760546088218689
elite,S4,5,4542,C-Hybrid-globalmean,0.4870671331882477
global,S1,1,1142,C-Hybrid-positional,0.4565426111221313
global,S1,2,1242,C-Hybrid-positional,0.4690882861614227
global,S1,3,1342,C-Hybrid-positional,0.4825749397277832
global,S1,4,1442,C-Hybrid-positional,0.4798988997936249
global,S1,5,1542,C-Hybrid-positional,0.4783038198947906
global,S2,1,2142,C-Hybrid-positional,0.4639321565628052
global,S2,2,2242,C-Hybrid-positional,0.4544892311096191
global,S2,3,2342,C-Hybrid-positional,0.4826647937297821
global,S2,4,2442,C-Hybrid-positional,0.4849299788475036
global,S2,5,2542,C-Hybrid-positional,0.4891420304775238
global,S3,1,3142,C-Hybrid-positional,0.4803563058376312
global,S3,2,3242,C-Hybrid-positional,0.4686223566532135
global,S3,3,3342,C-Hybrid-positional,0.4884193241596222
global,S3,4,3442,C-Hybrid-positional,0.4605505764484405
global,S3,5,3542,C-Hybrid-positional,0.4901200234889984
global,S4,1,4142,C-Hybrid-positional,0.4330288171768188
global,S4,2,4242,C-Hybrid-positional,0.470030814409256
global,S4,3,4342,C-Hybrid-positional,0.4888522624969482
global,S4,4,4442,C-Hybrid-positional,0.4556997716426849
global,S4,5,4542,C-Hybrid-positional,0.4765585660934448
