cohort,seed_schedule,seed_schedule_index,model,n,accuracy,balanced_accuracy,macro_f1,win_precision,win_recall,roc_auc
elite,S0,0,A-MLP,454,0.698237885462555,0.6972826086956522,0.6962202132387776,0.7253886010362695,0.625,0.7453027950310559
elite,S0,0,C-Hybrid-globalmean,454,0.6938325991189427,0.6920031055900622,0.6870161238326216,0.7607361963190185,0.5535714285714286,0.7568905279503106
elite,S0,0,C-Hybrid-positional,454,0.7312775330396476,0.7300077639751552,0.7282397503581732,0.7802197802197802,0.6339285714285714,0.7680124223602485
elite,S1,1,A-MLP,454,0.6960352422907489,0.696389751552795,0.6959408304699785,0.680672268907563,0.7232142857142857,0.7614712732919254
elite,S1,1,C-Hybrid-globalmean,454,0.7158590308370044,0.7151397515527951,0.7146949214468397,0.736318407960199,0.6607142857142857,0.777930900621118
elite,S1,1,C-Hybrid-positional,454,0.7224669603524229,0.7215450310559006,0.7207108680792891,0.7525773195876289,0.6517857142857143,0.7576669254658385
elite,S2,2,A-MLP,454,0.7158590308370044,0.7156055900621118,0.7156258649069906,0.7188940092165899,0.6964285714285714,0.7727484472049689
elite,S2,2,C-Hybrid-globalmean,454,0.7334801762114538,0.732414596273292,0.731288673661555,0.7724867724867724,0.6517857142857143,0.7919254658385093
elite,S2,2,C-Hybrid-positional,454,0.6762114537444934,0.6762422360248448,0.6761973149868757,0.6696035242290749,0.6785714285714286,0.7434200310559005
elite,S3,3,A-MLP,454,0.6938325991189427,0.6930512422360249,0.6923984304550218,0.7135678391959799,0.6339285714285714,0.7583850931677019
elite,S3,3,C-Hybrid-globalmean,454,0.7180616740088106,0.716789596273292,0.7148744921790671,0.7637362637362637,0.6205357142857143,0.7903920807453416
elite,S3,3,C-Hybrid-positional,454,0.711453744493392,0.7102096273291926,0.7083278161122473,0.7540983606557377,0.6160714285714286,0.7673330745341614
elite,S4,4,A-MLP,454,0.7048458149779736,0.7042701863354037,0.7040186824948915,0.7184466019417476,0.6607142857142857,0.7819681677018633
elite,S4,4,C-Hybrid-globalmean,454,0.7290748898678414,0.7284743788819876,0.7282508723009767,0.7463414634146341,0.6830357142857143,0.7909743788819876
elite,S4,4,C-Hybrid-positional,454,0.7202643171806168,0.7196622670807453,0.7194135022945044,0.7365853658536585,0.6741071428571429,0.7737577639751553
global,S0,0,A-MLP,1745,0.6750716332378224,0.6651946645053464,0.6654453273118464,0.6732824427480916,0.5554156171284634,0.7306361856934368
global,S0,0,C-Hybrid-positional,1745,0.7065902578796561,0.7041957690035943,0.7041957690035943,0.6775818639798489,0.6775818639798489,0.771519837265294
global,S1,1,A-MLP,1745,0.6641833810888252,0.6531259684224745,0.6527228738246026,0.6640378548895899,0.5302267002518891,0.7244475522252858
global,S1,1,C-Hybrid-positional,1745,0.7163323782234957,0.7097030303511881,0.7108630342184322,0.710267229254571,0.6360201511335013,0.785414796038639
global,S2,2,A-MLP,1745,0.6664756446991404,0.656060702376128,0.6559654471544716,0.6640866873065016,0.5403022670025189,0.7234741634816327
global,S2,2,C-Hybrid-positional,1745,0.712893982808023,0.708939549248173,0.7095223713077897,0.6920052424639581,0.6649874055415617,0.7860094239922446
global,S3,3,A-MLP,1745,0.6573065902578796,0.6473366229899853,0.6472244759972955,0.649390243902439,0.5365239294710328,0.7180059701176278
global,S3,3,C-Hybrid-positional,1745,0.7054441260744986,0.6970105708693222,0.6980537930365838,0.7064896755162242,0.6032745591939547,0.7872516534365257
global,S4,4,A-MLP,1745,0.6722063037249284,0.6639173400927567,0.6644681995428263,0.6618075801749271,0.5717884130982368,0.7284444055971839
global,S4,4,C-Hybrid-positional,1745,0.7025787965616046,0.6968768126882217,0.6977749968714804,0.6880984952120383,0.6335012594458438,0.7635446712594723
