cohort,seed_schedule,fold,seed,model,selection_seconds,fit_seconds,predict_seconds,total_seconds
elite,S1,1,1142,A-MLP,1.1597840289999797,0.0193765440000106,0.0289519510000673,1.2081125240000574
elite,S1,1,1142,C-Hybrid-positional,3.562973362999969,2.599883729999988,0.0953158910000411,6.258172983999998
elite,S1,1,1142,C-Hybrid-globalmean,2.7101423560000057,2.098861402000012,0.0546058340000854,4.863609592000103
elite,S1,2,1242,A-MLP,0.4052687500000047,0.3365951319999567,0.0006270110000059,0.7424908929999674
elite,S1,2,1242,C-Hybrid-positional,3.823591735000037,2.362649293999993,0.0497993339999993,6.236040363000029
elite,S1,2,1242,C-Hybrid-globalmean,4.234117946999959,2.878496757999983,0.0433576259999881,7.15597233099993
elite,S1,3,1342,A-MLP,0.5682569989999138,0.2043421889998171,0.0005665510000198,0.7731657389997508
elite,S1,3,1342,C-Hybrid-positional,4.911883252000052,2.4650246839999,0.0204415910000079,7.39734952699996
elite,S1,3,1342,C-Hybrid-globalmean,5.58697551399996,2.559520616999862,0.0186183090002032,8.165114440000025
elite,S1,4,1442,A-MLP,0.328990732999955,0.0769099490000826,0.0005514239999229,0.4064521059999606
elite,S1,4,1442,C-Hybrid-positional,6.155244175000007,3.158447727000066,0.0192700959999001,9.332961997999972
elite,S1,4,1442,C-Hybrid-globalmean,6.3351094829999965,4.080867621000152,0.0183837859999584,10.434360890000107
elite,S1,5,1542,A-MLP,0.5185129649998999,0.1917747390000386,0.0005923810001604,0.7108800850000989
elite,S1,5,1542,C-Hybrid-positional,4.046591213000056,1.3430922109998846,0.0201188890000594,5.409802313
elite,S1,5,1542,C-Hybrid-globalmean,4.195641051999928,2.4398793949999344,0.0266596950000348,6.662180141999897
elite,S2,1,2142,A-MLP,0.1636938909999798,0.0663701390000142,0.000578613000016,0.2306426430000101
elite,S2,1,2142,C-Hybrid-positional,5.8661586250000255,6.279650984999989,0.0570455849999689,12.202855194999984
elite,S2,1,2142,C-Hybrid-globalmean,1.7171094990000029,0.8794912230000591,0.0509721950000994,2.6475729170001614
elite,S2,2,2242,A-MLP,0.3361547969999492,0.1595480710000174,0.0006273410000403,0.496330209000007
elite,S2,2,2242,C-Hybrid-positional,7.807683752000003,6.921429173999968,0.0612254150000808,14.790338341000052
elite,S2,2,2242,C-Hybrid-globalmean,3.639514231000021,2.035843795000005,0.0475986499999407,5.722956675999967
elite,S2,3,2342,A-MLP,0.3558115390001148,0.0754174789999524,0.0005972090000341,0.4318262270001014
elite,S2,3,2342,C-Hybrid-positional,4.294570482000154,2.071302881000065,0.0247405330001129,6.390613896000332
elite,S2,3,2342,C-Hybrid-globalmean,6.087145633000091,3.682366047999949,0.0185612120001223,9.788072893000162
elite,S2,4,2442,A-MLP,0.4020634539999719,0.1450164430000313,0.0005561769999076,0.5476360739999109
elite,S2,4,2442,C-Hybrid-positional,3.980304909000097,1.7367377129999113,0.0287160160000894,5.745758638000098
elite,S2,4,2442,C-Hybrid-globalmean,5.27385907200005,2.755001987000014,0.0174021210000319,8.046263180000096
elite,S2,5,2542,A-MLP,0.4707515570000851,0.1915104700001393,0.0005972829999336,0.6628593100001581
elite,S2,5,2542,C-Hybrid-positional,4.833320132999916,2.348773643999948,0.021252479000168,7.203346256000032
elite,S2,5,2542,C-Hybrid-globalmean,5.74512664000008,2.8119382830000177,0.018126557999949,8.575191481000047
elite,S3,1,3142,A-MLP,0.2067094590000806,0.1116109949999781,0.0006746669999984,0.3189951210000572
elite,S3,1,3142,C-Hybrid-positional,4.3502906389999225,3.1704651909999484,0.0564023010000482,7.577158130999919
elite,S3,1,3142,C-Hybrid-globalmean,1.8480698490000125,1.0356256669999766,0.0568314279998958,2.9405269439998847
elite,S3,2,3242,A-MLP,0.2797174460000633,0.1078929230000085,0.0004868190000024,0.3880971880000743
elite,S3,2,3242,C-Hybrid-positional,5.054250897999964,4.114348355999937,0.0542742790000829,9.222873532999984
elite,S3,2,3242,C-Hybrid-globalmean,2.522694546000025,0.8833971489999612,0.0429037740000239,3.4489954690000104
elite,S3,3,3342,A-MLP,0.4439572549999866,0.205655280999963,0.000532172000021,0.6501447079999707
elite,S3,3,3342,C-Hybrid-positional,5.2921594710001045,2.1604854180000075,0.0205560959998365,7.473200984999949
elite,S3,3,3342,C-Hybrid-globalmean,6.308658422000008,4.502907579000066,0.0171281999998882,10.828694200999962
elite,S3,4,3442,A-MLP,0.4394078880000052,0.2075844019998385,0.0005022469999858,0.6474945369998295
elite,S3,4,3442,C-Hybrid-positional,6.619549531999837,3.8772126339999886,0.0192261759998473,10.515988341999671
elite,S3,4,3442,C-Hybrid-globalmean,5.675904597999988,3.692412693000051,0.0185912250001365,9.386908516000176
elite,S3,5,3542,A-MLP,0.3274826290000874,0.0383864800000992,0.0005235630001152,0.3663926720003019
elite,S3,5,3542,C-Hybrid-positional,7.637501082999961,4.830158845000142,0.0209223510000811,12.488582279000184
elite,S3,5,3542,C-Hybrid-globalmean,5.56180198900006,3.899930836000067,0.0192804309999701,9.481013256000097
elite,S4,1,4142,A-MLP,0.1677948779999951,0.0715495969999437,0.0005568369999764,0.2399013119999153
elite,S4,1,4142,C-Hybrid-positional,2.9252519059999718,2.551029295000035,0.0587981520000084,5.535079353000015
elite,S4,1,4142,C-Hybrid-globalmean,2.15221713699998,1.3584822719999463,0.0499576509999997,3.560657059999926
elite,S4,2,4242,A-MLP,0.24905379300003,0.0533473559999038,0.0006151469999622,0.3030162959998961
elite,S4,2,4242,C-Hybrid-positional,6.6909661400000005,5.088870481000072,0.0508435330000338,11.830680154000106
elite,S4,2,4242,C-Hybrid-globalmean,8.449347826000007,7.243752560999951,0.0451908180000373,15.738291204999996
elite,S4,3,4342,A-MLP,0.3672572159998708,0.1050409709998803,0.000505030000113,0.4728032169998641
elite,S4,3,4342,C-Hybrid-positional,4.848251900999912,2.7789128850001816,0.0245102460000907,7.651675032000185
elite,S4,3,4342,C-Hybrid-globalmean,4.91701689699994,2.252593938000018,0.0178221810001559,7.187433016000114
elite,S4,4,4442,A-MLP,0.4037800710000283,0.1564718550000634,0.0009906000000228,0.5612425260001146
elite,S4,4,4442,C-Hybrid-positional,5.165269022000075,3.2510180699998728,0.0260065729999041,8.442293664999852
elite,S4,4,4442,C-Hybrid-globalmean,5.663480437000089,3.641498184000056,0.0183849580000696,9.323363579000215
elite,S4,5,4542,A-MLP,0.4555141349999303,0.1927842490001694,0.0005777870001111,0.6488761710002109
elite,S4,5,4542,C-Hybrid-positional,5.120111871999825,2.993738502999804,0.0289833140000155,8.142833688999644
elite,S4,5,4542,C-Hybrid-globalmean,5.25997152900004,2.5914213200001086,0.0229508519998944,7.874343701000043
global,S1,1,1142,A-MLP,0.7906680149999374,0.8053391419998661,0.0007317839999814,1.596738940999785
global,S1,1,1142,C-Hybrid-positional,13.314745562999631,15.784989353999665,0.1466771539999172,29.246412070999213
global,S1,2,1242,A-MLP,0.8971324359999926,0.4730848670005798,0.0005426329998954,1.370759936000468
global,S1,2,1242,C-Hybrid-positional,13.071751521999431,10.893380425000032,0.184998163000273,24.150130109999736
global,S1,3,1342,A-MLP,0.8228354639995814,0.1938167279995468,0.0005537589995583,1.0172059509986866
global,S1,3,1342,C-Hybrid-positional,10.231409439000345,3.6213897590005217,0.1056869260000894,13.958486124000956
global,S1,4,1442,A-MLP,0.9970139280003424,0.2376154860003225,0.0005913859995416,1.2352208000002065
global,S1,4,1442,C-Hybrid-positional,24.523277854999836,19.241453059000374,0.0758916109998608,43.84062252500007
global,S1,5,1542,A-MLP,1.202321595000285,0.2449646039995059,0.0005418470000222,1.4478280459998132
global,S1,5,1542,C-Hybrid-positional,23.22022345000005,16.734561536999536,0.0856734779999897,40.04045846499957
global,S2,1,2142,A-MLP,0.8686544170004709,1.0450337050006056,0.0007077709997247,1.9143958930008007
global,S2,1,2142,C-Hybrid-positional,10.859119931999883,12.02978488700046,0.1634983229996578,23.052403142000003
global,S2,2,2242,A-MLP,1.0627722119997998,0.893518664000112,0.000495618000059,1.9567864939999708
global,S2,2,2242,C-Hybrid-positional,16.222075614999994,14.964364853000006,0.1219415149998894,31.30838198299989
global,S2,3,2342,A-MLP,0.8537910189998001,0.1932001509994734,0.0004582199999276,1.0474493899992012
global,S2,3,2342,C-Hybrid-positional,11.11449859700042,4.511120305000077,0.106478290999803,15.7320971930003
global,S2,4,2442,A-MLP,1.7187770809996437,1.040971663000164,0.0006028080006217,2.7603515520004294
global,S2,4,2442,C-Hybrid-positional,14.639373533000253,7.382742434000647,0.1110002819996225,22.133116249000523
global,S2,5,2542,A-MLP,1.0053698179999628,0.1254947289999108,0.0005176200002097,1.1313821670000834
global,S2,5,2542,C-Hybrid-positional,12.677789515000768,3.4958633819996976,0.0818224159993405,16.255475312999806
global,S3,1,3142,A-MLP,1.2540344979997826,1.8464313510003196,0.0006284270002652,3.1010942760003672
global,S3,1,3142,C-Hybrid-positional,8.566910950999954,9.56791259199963,0.1522495159997561,18.28707305899934
global,S3,2,3242,A-MLP,0.8360286590004762,0.5374863059996642,0.000643545999992,1.3741585110001324
global,S3,2,3242,C-Hybrid-positional,16.064945200000693,14.471616973999517,0.126320986999417,30.662883160999627
global,S3,3,3342,A-MLP,0.7579294940005639,0.1015403149995108,0.0004695019997598,0.8599393109998346
global,S3,3,3342,C-Hybrid-positional,10.84574023299956,5.094844340999771,0.1033261439997659,16.043910717999097
global,S3,4,3442,A-MLP,1.1624546669991105,0.2911553080002704,0.0005873840000276,1.4541973589994086
global,S3,4,3442,C-Hybrid-positional,29.427351242999976,26.028474318000008,0.0746451850000085,55.53047074599999
global,S3,5,3542,A-MLP,1.2935478830004286,0.3278551719995448,0.0009177379997709,1.6223207929997443
global,S3,5,3542,C-Hybrid-positional,14.605670588000066,5.71151932399971,0.0882555460002549,20.40544545800003
global,S4,1,4142,A-MLP,0.3218775960003768,0.0515647559996068,0.0004684030000134,0.3739107549999971
global,S4,1,4142,C-Hybrid-positional,14.820322939999642,20.92347818000053,0.1594001820003541,35.903201302000525
global,S4,2,4242,A-MLP,0.962859737999679,0.6638650320001034,0.0006083019998186,1.627333071999601
global,S4,2,4242,C-Hybrid-positional,13.409129847999791,11.040257829999971,0.1251134450003519,24.57450112300012
global,S4,3,4342,A-MLP,0.8020105699997657,0.1006150599996544,0.0005581850000453,0.9031838149994657
global,S4,3,4342,C-Hybrid-positional,10.97098884800016,4.431922953999674,0.1043110939999678,15.507222895999805
global,S4,4,4442,A-MLP,0.9597659959999874,0.249090385999807,0.0005684349998773,1.2094248169996715
global,S4,4,4442,C-Hybrid-positional,30.813009585000145,26.97017477999998,0.0773369709995677,57.86052133599969
global,S4,5,4542,A-MLP,1.018752169000436,0.1250485820000904,0.0005289280006763,1.1443296790012027
global,S4,5,4542,C-Hybrid-positional,15.05988895199971,5.692792570000165,0.0863584019998597,20.83903992399973
