schedule_id,schedule_index,offset,fold,training_seed,source
S0,0,0,1,142,frozen_original
S0,0,0,2,242,frozen_original
S0,0,0,3,342,frozen_original
S0,0,0,4,442,frozen_original
S0,0,0,5,542,frozen_original
S1,1,1000,1,1142,new_retraining
S1,1,1000,2,1242,new_retraining
S1,1,1000,3,1342,new_retraining
S1,1,1000,4,1442,new_retraining
S1,1,1000,5,1542,new_retraining
S2,2,2000,1,2142,new_retraining
S2,2,2000,2,2242,new_retraining
S2,2,2000,3,2342,new_retraining
S2,2,2000,4,2442,new_retraining
S2,2,2000,5,2542,new_retraining
S3,3,3000,1,3142,new_retraining
S3,3,3000,2,3242,new_retraining
S3,3,3000,3,3342,new_retraining
S3,3,3000,4,3442,new_retraining
S3,3,3000,5,3542,new_retraining
S4,4,4000,1,4142,new_retraining
S4,4,4000,2,4242,new_retraining
S4,4,4000,3,4342,new_retraining
S4,4,4000,4,4442,new_retraining
S4,4,4000,5,4542,new_retraining
