match_id,full_node_dim,reduced_node_dim,full_edge_dim,reduced_edge_dim,edge_count_preserved,topology_preserved,label_preserved
68335,4,2,3,2,True,True,True
69179,4,2,3,2,True,True,True
69180,4,2,3,2,True,True,True
69169,4,2,3,2,True,True,True
69148,4,2,3,2,True,True,True
69178,4,2,3,2,True,True,True
68356,4,2,3,2,True,True,True
69173,4,2,3,2,True,True,True
69181,4,2,3,2,True,True,True
69187,4,2,3,2,True,True,True
69146,4,2,3,2,True,True,True
69182,4,2,3,2,True,True,True
68360,4,2,3,2,True,True,True
68365,4,2,3,2,True,True,True
68359,4,2,3,2,True,True,True
69141,4,2,3,2,True,True,True
68361,4,2,3,2,True,True,True
69215,4,2,3,2,True,True,True
69207,4,2,3,2,True,True,True
69211,4,2,3,2,True,True,True
69212,4,2,3,2,True,True,True
69285,4,2,3,2,True,True,True
69171,4,2,3,2,True,True,True
69149,4,2,3,2,True,True,True
69225,4,2,3,2,True,True,True
69228,4,2,3,2,True,True,True
69230,4,2,3,2,True,True,True
69183,4,2,3,2,True,True,True
69209,4,2,3,2,True,True,True
69195,4,2,3,2,True,True,True
69139,4,2,3,2,True,True,True
69185,4,2,3,2,True,True,True
69216,4,2,3,2,True,True,True
69142,4,2,3,2,True,True,True
69222,4,2,3,2,True,True,True
69223,4,2,3,2,True,True,True
69251,4,2,3,2,True,True,True
69249,4,2,3,2,True,True,True
69217,4,2,3,2,True,True,True
69229,4,2,3,2,True,True,True
69292,4,2,3,2,True,True,True
69254,4,2,3,2,True,True,True
69255,4,2,3,2,True,True,True
69256,4,2,3,2,True,True,True
69252,4,2,3,2,True,True,True
69253,4,2,3,2,True,True,True
69277,4,2,3,2,True,True,True
69250,4,2,3,2,True,True,True
69288,4,2,3,2,True,True,True
69262,4,2,3,2,True,True,True
69218,4,2,3,2,True,True,True
69243,4,2,3,2,True,True,True
69210,4,2,3,2,True,True,True
69240,4,2,3,2,True,True,True
69237,4,2,3,2,True,True,True
69233,4,2,3,2,True,True,True
69238,4,2,3,2,True,True,True
69226,4,2,3,2,True,True,True
69224,4,2,3,2,True,True,True
69227,4,2,3,2,True,True,True
69257,4,2,3,2,True,True,True
69298,4,2,3,2,True,True,True
69247,4,2,3,2,True,True,True
69259,4,2,3,2,True,True,True
69221,4,2,3,2,True,True,True
69213,4,2,3,2,True,True,True
69244,4,2,3,2,True,True,True
69239,4,2,3,2,True,True,True
69242,4,2,3,2,True,True,True
69286,4,2,3,2,True,True,True
69269,4,2,3,2,True,True,True
69236,4,2,3,2,True,True,True
69260,4,2,3,2,True,True,True
69263,4,2,3,2,True,True,True
69289,4,2,3,2,True,True,True
69270,4,2,3,2,True,True,True
69308,4,2,3,2,True,True,True
69306,4,2,3,2,True,True,True
69299,4,2,3,2,True,True,True
69307,4,2,3,2,True,True,True
69275,4,2,3,2,True,True,True
69280,4,2,3,2,True,True,True
69278,4,2,3,2,True,True,True
69295,4,2,3,2,True,True,True
69276,4,2,3,2,True,True,True
69248,4,2,3,2,True,True,True
69282,4,2,3,2,True,True,True
69283,4,2,3,2,True,True,True
69274,4,2,3,2,True,True,True
69300,4,2,3,2,True,True,True
69291,4,2,3,2,True,True,True
69303,4,2,3,2,True,True,True
69304,4,2,3,2,True,True,True
69305,4,2,3,2,True,True,True
69245,4,2,3,2,True,True,True
69271,4,2,3,2,True,True,True
69234,4,2,3,2,True,True,True
69272,4,2,3,2,True,True,True
69268,4,2,3,2,True,True,True
69264,4,2,3,2,True,True,True
70220,4,2,3,2,True,True,True
70223,4,2,3,2,True,True,True
69297,4,2,3,2,True,True,True
69265,4,2,3,2,True,True,True
69293,4,2,3,2,True,True,True
69329,4,2,3,2,True,True,True
69314,4,2,3,2,True,True,True
69330,4,2,3,2,True,True,True
69331,4,2,3,2,True,True,True
69315,4,2,3,2,True,True,True
69333,4,2,3,2,True,True,True
69334,4,2,3,2,True,True,True
69312,4,2,3,2,True,True,True
69327,4,2,3,2,True,True,True
69335,4,2,3,2,True,True,True
69338,4,2,3,2,True,True,True
69316,4,2,3,2,True,True,True
69336,4,2,3,2,True,True,True
69328,4,2,3,2,True,True,True
69337,4,2,3,2,True,True,True
69322,4,2,3,2,True,True,True
69326,4,2,3,2,True,True,True
69325,4,2,3,2,True,True,True
69323,4,2,3,2,True,True,True
70219,4,2,3,2,True,True,True
69343,4,2,3,2,True,True,True
70221,4,2,3,2,True,True,True
69324,4,2,3,2,True,True,True
69340,4,2,3,2,True,True,True
69320,4,2,3,2,True,True,True
69319,4,2,3,2,True,True,True
70259,4,2,3,2,True,True,True
70262,4,2,3,2,True,True,True
70286,4,2,3,2,True,True,True
70292,4,2,3,2,True,True,True
70275,4,2,3,2,True,True,True
70300,4,2,3,2,True,True,True
70304,4,2,3,2,True,True,True
266724,4,2,3,2,True,True,True
70309,4,2,3,2,True,True,True
70280,4,2,3,2,True,True,True
70263,4,2,3,2,True,True,True
70295,4,2,3,2,True,True,True
70296,4,2,3,2,True,True,True
266015,4,2,3,2,True,True,True
266433,4,2,3,2,True,True,True
266827,4,2,3,2,True,True,True
70287,4,2,3,2,True,True,True
70260,4,2,3,2,True,True,True
70282,4,2,3,2,True,True,True
70297,4,2,3,2,True,True,True
70294,4,2,3,2,True,True,True
70271,4,2,3,2,True,True,True
70272,4,2,3,2,True,True,True
70305,4,2,3,2,True,True,True
70307,4,2,3,2,True,True,True
70256,4,2,3,2,True,True,True
267502,4,2,3,2,True,True,True
70281,4,2,3,2,True,True,True
70284,4,2,3,2,True,True,True
70277,4,2,3,2,True,True,True
70298,4,2,3,2,True,True,True
70301,4,2,3,2,True,True,True
70302,4,2,3,2,True,True,True
267520,4,2,3,2,True,True,True
266420,4,2,3,2,True,True,True
266462,4,2,3,2,True,True,True
70293,4,2,3,2,True,True,True
267192,4,2,3,2,True,True,True
70283,4,2,3,2,True,True,True
266883,4,2,3,2,True,True,True
265830,4,2,3,2,True,True,True
70288,4,2,3,2,True,True,True
70291,4,2,3,2,True,True,True
266613,4,2,3,2,True,True,True
267675,4,2,3,2,True,True,True
265918,4,2,3,2,True,True,True
265837,4,2,3,2,True,True,True
266066,4,2,3,2,True,True,True
266603,4,2,3,2,True,True,True
266074,4,2,3,2,True,True,True
265857,4,2,3,2,True,True,True
266274,4,2,3,2,True,True,True
70306,4,2,3,2,True,True,True
267368,4,2,3,2,True,True,True
267138,4,2,3,2,True,True,True
267567,4,2,3,2,True,True,True
70289,4,2,3,2,True,True,True
266491,4,2,3,2,True,True,True
266256,4,2,3,2,True,True,True
266406,4,2,3,2,True,True,True
70273,4,2,3,2,True,True,True
266770,4,2,3,2,True,True,True
266838,4,2,3,2,True,True,True
266117,4,2,3,2,True,True,True
267561,4,2,3,2,True,True,True
267085,4,2,3,2,True,True,True
267301,4,2,3,2,True,True,True
267499,4,2,3,2,True,True,True
265835,4,2,3,2,True,True,True
266560,4,2,3,2,True,True,True
266320,4,2,3,2,True,True,True
70264,4,2,3,2,True,True,True
266240,4,2,3,2,True,True,True
70303,4,2,3,2,True,True,True
266230,4,2,3,2,True,True,True
267597,4,2,3,2,True,True,True
266871,4,2,3,2,True,True,True
266741,4,2,3,2,True,True,True
266148,4,2,3,2,True,True,True
267343,4,2,3,2,True,True,True
266916,4,2,3,2,True,True,True
267183,4,2,3,2,True,True,True
266929,4,2,3,2,True,True,True
267400,4,2,3,2,True,True,True
266142,4,2,3,2,True,True,True
266525,4,2,3,2,True,True,True
266531,4,2,3,2,True,True,True
265963,4,2,3,2,True,True,True
266045,4,2,3,2,True,True,True
266631,4,2,3,2,True,True,True
267197,4,2,3,2,True,True,True
3825562,4,2,3,2,True,True,True
3825564,4,2,3,2,True,True,True
3825565,4,2,3,2,True,True,True
3825566,4,2,3,2,True,True,True
266236,4,2,3,2,True,True,True
3825567,4,2,3,2,True,True,True
3825568,4,2,3,2,True,True,True
3825569,4,2,3,2,True,True,True
3825571,4,2,3,2,True,True,True
267422,4,2,3,2,True,True,True
3825572,4,2,3,2,True,True,True
3825573,4,2,3,2,True,True,True
3825574,4,2,3,2,True,True,True
3825576,4,2,3,2,True,True,True
3825577,4,2,3,2,True,True,True
3825578,4,2,3,2,True,True,True
3825579,4,2,3,2,True,True,True
3825580,4,2,3,2,True,True,True
266166,4,2,3,2,True,True,True
3825581,4,2,3,2,True,True,True
3825582,4,2,3,2,True,True,True
3825583,4,2,3,2,True,True,True
3825584,4,2,3,2,True,True,True
3825586,4,2,3,2,True,True,True
3825587,4,2,3,2,True,True,True
3825588,4,2,3,2,True,True,True
3825589,4,2,3,2,True,True,True
3825590,4,2,3,2,True,True,True
3825591,4,2,3,2,True,True,True
3825592,4,2,3,2,True,True,True
3825593,4,2,3,2,True,True,True
266490,4,2,3,2,True,True,True
3825594,4,2,3,2,True,True,True
3825595,4,2,3,2,True,True,True
3825596,4,2,3,2,True,True,True
3825597,4,2,3,2,True,True,True
3825598,4,2,3,2,True,True,True
3825599,4,2,3,2,True,True,True
3825892,4,2,3,2,True,True,True
266467,4,2,3,2,True,True,True
3825600,4,2,3,2,True,True,True
3825601,4,2,3,2,True,True,True
3825602,4,2,3,2,True,True,True
3825848,4,2,3,2,True,True,True
3825895,4,2,3,2,True,True,True
3825603,4,2,3,2,True,True,True
3825604,4,2,3,2,True,True,True
267611,4,2,3,2,True,True,True
3825605,4,2,3,2,True,True,True
3825606,4,2,3,2,True,True,True
3825607,4,2,3,2,True,True,True
3825608,4,2,3,2,True,True,True
3825609,4,2,3,2,True,True,True
3825610,4,2,3,2,True,True,True
3825611,4,2,3,2,True,True,True
3825612,4,2,3,2,True,True,True
3825613,4,2,3,2,True,True,True
3825614,4,2,3,2,True,True,True
3825615,4,2,3,2,True,True,True
3825616,4,2,3,2,True,True,True
3825617,4,2,3,2,True,True,True
3825618,4,2,3,2,True,True,True
3825619,4,2,3,2,True,True,True
3825620,4,2,3,2,True,True,True
3825621,4,2,3,2,True,True,True
3825622,4,2,3,2,True,True,True
3825623,4,2,3,2,True,True,True
3825624,4,2,3,2,True,True,True
3825625,4,2,3,2,True,True,True
3825626,4,2,3,2,True,True,True
3825627,4,2,3,2,True,True,True
3825628,4,2,3,2,True,True,True
3825629,4,2,3,2,True,True,True
3825630,4,2,3,2,True,True,True
3825631,4,2,3,2,True,True,True
3825632,4,2,3,2,True,True,True
3825633,4,2,3,2,True,True,True
3825634,4,2,3,2,True,True,True
3825635,4,2,3,2,True,True,True
3825636,4,2,3,2,True,True,True
3825874,4,2,3,2,True,True,True
3825637,4,2,3,2,True,True,True
3825638,4,2,3,2,True,True,True
3825639,4,2,3,2,True,True,True
3825640,4,2,3,2,True,True,True
3825641,4,2,3,2,True,True,True
3825642,4,2,3,2,True,True,True
3825643,4,2,3,2,True,True,True
3825644,4,2,3,2,True,True,True
3825645,4,2,3,2,True,True,True
3825646,4,2,3,2,True,True,True
3825647,4,2,3,2,True,True,True
3825648,4,2,3,2,True,True,True
3825649,4,2,3,2,True,True,True
3825650,4,2,3,2,True,True,True
3825651,4,2,3,2,True,True,True
3825652,4,2,3,2,True,True,True
3825653,4,2,3,2,True,True,True
3825654,4,2,3,2,True,True,True
3825655,4,2,3,2,True,True,True
3825656,4,2,3,2,True,True,True
3825657,4,2,3,2,True,True,True
3825658,4,2,3,2,True,True,True
3825659,4,2,3,2,True,True,True
3825660,4,2,3,2,True,True,True
3825661,4,2,3,2,True,True,True
266424,4,2,3,2,True,True,True
3825662,4,2,3,2,True,True,True
3825663,4,2,3,2,True,True,True
3825664,4,2,3,2,True,True,True
3825888,4,2,3,2,True,True,True
3825665,4,2,3,2,True,True,True
3825666,4,2,3,2,True,True,True
3825667,4,2,3,2,True,True,True
3825668,4,2,3,2,True,True,True
3825669,4,2,3,2,True,True,True
3825670,4,2,3,2,True,True,True
266885,4,2,3,2,True,True,True
3825671,4,2,3,2,True,True,True
3825672,4,2,3,2,True,True,True
3825673,4,2,3,2,True,True,True
3825674,4,2,3,2,True,True,True
3825675,4,2,3,2,True,True,True
3825676,4,2,3,2,True,True,True
3825677,4,2,3,2,True,True,True
3825678,4,2,3,2,True,True,True
267274,4,2,3,2,True,True,True
3825679,4,2,3,2,True,True,True
3825680,4,2,3,2,True,True,True
3825681,4,2,3,2,True,True,True
3825682,4,2,3,2,True,True,True
3825683,4,2,3,2,True,True,True
3825684,4,2,3,2,True,True,True
3825685,4,2,3,2,True,True,True
3825686,4,2,3,2,True,True,True
3825687,4,2,3,2,True,True,True
3825688,4,2,3,2,True,True,True
266961,4,2,3,2,True,True,True
3825689,4,2,3,2,True,True,True
3825690,4,2,3,2,True,True,True
3825691,4,2,3,2,True,True,True
3825692,4,2,3,2,True,True,True
3825693,4,2,3,2,True,True,True
3825694,4,2,3,2,True,True,True
3825695,4,2,3,2,True,True,True
3825696,4,2,3,2,True,True,True
3825697,4,2,3,2,True,True,True
3825698,4,2,3,2,True,True,True
3825699,4,2,3,2,True,True,True
3825891,4,2,3,2,True,True,True
3825700,4,2,3,2,True,True,True
3825701,4,2,3,2,True,True,True
3825702,4,2,3,2,True,True,True
3825703,4,2,3,2,True,True,True
3825704,4,2,3,2,True,True,True
267327,4,2,3,2,True,True,True
3825705,4,2,3,2,True,True,True
3825706,4,2,3,2,True,True,True
3825707,4,2,3,2,True,True,True
3825708,4,2,3,2,True,True,True
3825709,4,2,3,2,True,True,True
3825710,4,2,3,2,True,True,True
3825711,4,2,3,2,True,True,True
3825712,4,2,3,2,True,True,True
3825713,4,2,3,2,True,True,True
266670,4,2,3,2,True,True,True
3825714,4,2,3,2,True,True,True
3825715,4,2,3,2,True,True,True
3825716,4,2,3,2,True,True,True
3825717,4,2,3,2,True,True,True
3825718,4,2,3,2,True,True,True
3825719,4,2,3,2,True,True,True
3825720,4,2,3,2,True,True,True
3825721,4,2,3,2,True,True,True
3825722,4,2,3,2,True,True,True
266620,4,2,3,2,True,True,True
3825723,4,2,3,2,True,True,True
3825724,4,2,3,2,True,True,True
3825725,4,2,3,2,True,True,True
3825726,4,2,3,2,True,True,True
3825727,4,2,3,2,True,True,True
3825728,4,2,3,2,True,True,True
3825729,4,2,3,2,True,True,True
3825730,4,2,3,2,True,True,True
3825731,4,2,3,2,True,True,True
3825732,4,2,3,2,True,True,True
3825733,4,2,3,2,True,True,True
3825734,4,2,3,2,True,True,True
3825735,4,2,3,2,True,True,True
266149,4,2,3,2,True,True,True
3825736,4,2,3,2,True,True,True
3825737,4,2,3,2,True,True,True
3825738,4,2,3,2,True,True,True
3825739,4,2,3,2,True,True,True
3825740,4,2,3,2,True,True,True
3825741,4,2,3,2,True,True,True
265894,4,2,3,2,True,True,True
3825742,4,2,3,2,True,True,True
3825743,4,2,3,2,True,True,True
3825744,4,2,3,2,True,True,True
3825745,4,2,3,2,True,True,True
3825746,4,2,3,2,True,True,True
3825747,4,2,3,2,True,True,True
3825748,4,2,3,2,True,True,True
3825749,4,2,3,2,True,True,True
267576,4,2,3,2,True,True,True
3825750,4,2,3,2,True,True,True
3825751,4,2,3,2,True,True,True
3825752,4,2,3,2,True,True,True
3825753,4,2,3,2,True,True,True
3825754,4,2,3,2,True,True,True
3825755,4,2,3,2,True,True,True
3825756,4,2,3,2,True,True,True
3825757,4,2,3,2,True,True,True
3825758,4,2,3,2,True,True,True
3825759,4,2,3,2,True,True,True
3825760,4,2,3,2,True,True,True
3825761,4,2,3,2,True,True,True
3825762,4,2,3,2,True,True,True
3825763,4,2,3,2,True,True,True
266160,4,2,3,2,True,True,True
3825764,4,2,3,2,True,True,True
3825765,4,2,3,2,True,True,True
3825766,4,2,3,2,True,True,True
3825767,4,2,3,2,True,True,True
3825768,4,2,3,2,True,True,True
3825769,4,2,3,2,True,True,True
3825770,4,2,3,2,True,True,True
3825771,4,2,3,2,True,True,True
3825772,4,2,3,2,True,True,True
266254,4,2,3,2,True,True,True
3825773,4,2,3,2,True,True,True
3825774,4,2,3,2,True,True,True
3825775,4,2,3,2,True,True,True
3825776,4,2,3,2,True,True,True
266815,4,2,3,2,True,True,True
3825777,4,2,3,2,True,True,True
267273,4,2,3,2,True,True,True
3825778,4,2,3,2,True,True,True
3825779,4,2,3,2,True,True,True
3825780,4,2,3,2,True,True,True
3825781,4,2,3,2,True,True,True
3825782,4,2,3,2,True,True,True
3825783,4,2,3,2,True,True,True
3825784,4,2,3,2,True,True,True
3825785,4,2,3,2,True,True,True
3825786,4,2,3,2,True,True,True
3825787,4,2,3,2,True,True,True
3825788,4,2,3,2,True,True,True
3825789,4,2,3,2,True,True,True
3825790,4,2,3,2,True,True,True
3825791,4,2,3,2,True,True,True
265839,4,2,3,2,True,True,True
3825792,4,2,3,2,True,True,True
3825793,4,2,3,2,True,True,True
3825794,4,2,3,2,True,True,True
3825795,4,2,3,2,True,True,True
3825796,4,2,3,2,True,True,True
3825797,4,2,3,2,True,True,True
3825798,4,2,3,2,True,True,True
3825799,4,2,3,2,True,True,True
3825800,4,2,3,2,True,True,True
3825801,4,2,3,2,True,True,True
266653,4,2,3,2,True,True,True
3825802,4,2,3,2,True,True,True
3825803,4,2,3,2,True,True,True
3825804,4,2,3,2,True,True,True
3825805,4,2,3,2,True,True,True
3825806,4,2,3,2,True,True,True
3825867,4,2,3,2,True,True,True
266056,4,2,3,2,True,True,True
3825807,4,2,3,2,True,True,True
3825808,4,2,3,2,True,True,True
3825809,4,2,3,2,True,True,True
3825810,4,2,3,2,True,True,True
3825811,4,2,3,2,True,True,True
3825812,4,2,3,2,True,True,True
266498,4,2,3,2,True,True,True
3825813,4,2,3,2,True,True,True
3825814,4,2,3,2,True,True,True
3825858,4,2,3,2,True,True,True
3825815,4,2,3,2,True,True,True
3825816,4,2,3,2,True,True,True
3825844,4,2,3,2,True,True,True
3825879,4,2,3,2,True,True,True
3825881,4,2,3,2,True,True,True
3825817,4,2,3,2,True,True,True
3825818,4,2,3,2,True,True,True
3825880,4,2,3,2,True,True,True
3825887,4,2,3,2,True,True,True
3825903,4,2,3,2,True,True,True
3825907,4,2,3,2,True,True,True
266106,4,2,3,2,True,True,True
3825819,4,2,3,2,True,True,True
3825820,4,2,3,2,True,True,True
3825821,4,2,3,2,True,True,True
3825885,4,2,3,2,True,True,True
267533,4,2,3,2,True,True,True
3825822,4,2,3,2,True,True,True
3825872,4,2,3,2,True,True,True
3825898,4,2,3,2,True,True,True
3825823,4,2,3,2,True,True,True
3825824,4,2,3,2,True,True,True
3825877,4,2,3,2,True,True,True
3825905,4,2,3,2,True,True,True
3825825,4,2,3,2,True,True,True
3825826,4,2,3,2,True,True,True
266664,4,2,3,2,True,True,True
3825827,4,2,3,2,True,True,True
3825828,4,2,3,2,True,True,True
3825856,4,2,3,2,True,True,True
3825829,4,2,3,2,True,True,True
3825830,4,2,3,2,True,True,True
3825831,4,2,3,2,True,True,True
3825832,4,2,3,2,True,True,True
3825863,4,2,3,2,True,True,True
3825857,4,2,3,2,True,True,True
3825833,4,2,3,2,True,True,True
3825852,4,2,3,2,True,True,True
3825889,4,2,3,2,True,True,True
3825897,4,2,3,2,True,True,True
266557,4,2,3,2,True,True,True
3825834,4,2,3,2,True,True,True
3825835,4,2,3,2,True,True,True
3825836,4,2,3,2,True,True,True
3825906,4,2,3,2,True,True,True
3825837,4,2,3,2,True,True,True
3825862,4,2,3,2,True,True,True
266310,4,2,3,2,True,True,True
3825838,4,2,3,2,True,True,True
3825839,4,2,3,2,True,True,True
3825840,4,2,3,2,True,True,True
3825843,4,2,3,2,True,True,True
3825893,4,2,3,2,True,True,True
3825841,4,2,3,2,True,True,True
3825896,4,2,3,2,True,True,True
3825871,4,2,3,2,True,True,True
265944,4,2,3,2,True,True,True
3825847,4,2,3,2,True,True,True
3825886,4,2,3,2,True,True,True
3825890,4,2,3,2,True,True,True
3825842,4,2,3,2,True,True,True
3825875,4,2,3,2,True,True,True
3825884,4,2,3,2,True,True,True
3825899,4,2,3,2,True,True,True
3825868,4,2,3,2,True,True,True
3825854,4,2,3,2,True,True,True
266986,4,2,3,2,True,True,True
3825859,4,2,3,2,True,True,True
3825864,4,2,3,2,True,True,True
3825878,4,2,3,2,True,True,True
3825845,4,2,3,2,True,True,True
3825870,4,2,3,2,True,True,True
3825873,4,2,3,2,True,True,True
3825894,4,2,3,2,True,True,True
3825855,4,2,3,2,True,True,True
265958,4,2,3,2,True,True,True
3825850,4,2,3,2,True,True,True
3825851,4,2,3,2,True,True,True
3825853,4,2,3,2,True,True,True
3825860,4,2,3,2,True,True,True
3825861,4,2,3,2,True,True,True
3825865,4,2,3,2,True,True,True
3825866,4,2,3,2,True,True,True
3825901,4,2,3,2,True,True,True
3825904,4,2,3,2,True,True,True
3825849,4,2,3,2,True,True,True
267506,4,2,3,2,True,True,True
3825846,4,2,3,2,True,True,True
3825869,4,2,3,2,True,True,True
3825882,4,2,3,2,True,True,True
3825876,4,2,3,2,True,True,True
3825883,4,2,3,2,True,True,True
3825900,4,2,3,2,True,True,True
3825902,4,2,3,2,True,True,True
3825908,4,2,3,2,True,True,True
267670,4,2,3,2,True,True,True
266892,4,2,3,2,True,True,True
267220,4,2,3,2,True,True,True
267492,4,2,3,2,True,True,True
266033,4,2,3,2,True,True,True
267058,4,2,3,2,True,True,True
266989,4,2,3,2,True,True,True
266191,4,2,3,2,True,True,True
267076,4,2,3,2,True,True,True
266357,4,2,3,2,True,True,True
266528,4,2,3,2,True,True,True
266477,4,2,3,2,True,True,True
267395,4,2,3,2,True,True,True
266731,4,2,3,2,True,True,True
266516,4,2,3,2,True,True,True
266874,4,2,3,2,True,True,True
267464,4,2,3,2,True,True,True
265952,4,2,3,2,True,True,True
266299,4,2,3,2,True,True,True
267660,4,2,3,2,True,True,True
266440,4,2,3,2,True,True,True
266280,4,2,3,2,True,True,True
267590,4,2,3,2,True,True,True
267373,4,2,3,2,True,True,True
267569,4,2,3,2,True,True,True
267101,4,2,3,2,True,True,True
267077,4,2,3,2,True,True,True
266952,4,2,3,2,True,True,True
267039,4,2,3,2,True,True,True
267432,4,2,3,2,True,True,True
9575,4,2,3,2,True,True,True
9581,4,2,3,2,True,True,True
9592,4,2,3,2,True,True,True
9602,4,2,3,2,True,True,True
9609,4,2,3,2,True,True,True
9636,4,2,3,2,True,True,True
9642,4,2,3,2,True,True,True
9650,4,2,3,2,True,True,True
9661,4,2,3,2,True,True,True
9673,4,2,3,2,True,True,True
9695,4,2,3,2,True,True,True
9700,4,2,3,2,True,True,True
9717,4,2,3,2,True,True,True
9726,4,2,3,2,True,True,True
9736,4,2,3,2,True,True,True
9742,4,2,3,2,True,True,True
9754,4,2,3,2,True,True,True
9765,4,2,3,2,True,True,True
9774,4,2,3,2,True,True,True
9783,4,2,3,2,True,True,True
9794,4,2,3,2,True,True,True
9799,4,2,3,2,True,True,True
9827,4,2,3,2,True,True,True
9837,4,2,3,2,True,True,True
9855,4,2,3,2,True,True,True
9860,4,2,3,2,True,True,True
9870,4,2,3,2,True,True,True
9880,4,2,3,2,True,True,True
9889,4,2,3,2,True,True,True
9912,4,2,3,2,True,True,True
9924,4,2,3,2,True,True,True
9928,4,2,3,2,True,True,True
9948,4,2,3,2,True,True,True
15946,4,2,3,2,True,True,True
15956,4,2,3,2,True,True,True
15978,4,2,3,2,True,True,True
15998,4,2,3,2,True,True,True
16010,4,2,3,2,True,True,True
16023,4,2,3,2,True,True,True
16029,4,2,3,2,True,True,True
16056,4,2,3,2,True,True,True
16073,4,2,3,2,True,True,True
16079,4,2,3,2,True,True,True
16086,4,2,3,2,True,True,True
16095,4,2,3,2,True,True,True
16109,4,2,3,2,True,True,True
16120,4,2,3,2,True,True,True
16131,4,2,3,2,True,True,True
16136,4,2,3,2,True,True,True
16149,4,2,3,2,True,True,True
16157,4,2,3,2,True,True,True
16173,4,2,3,2,True,True,True
16182,4,2,3,2,True,True,True
16190,4,2,3,2,True,True,True
16196,4,2,3,2,True,True,True
16205,4,2,3,2,True,True,True
16215,4,2,3,2,True,True,True
16231,4,2,3,2,True,True,True
16240,4,2,3,2,True,True,True
16248,4,2,3,2,True,True,True
16265,4,2,3,2,True,True,True
16275,4,2,3,2,True,True,True
16289,4,2,3,2,True,True,True
16306,4,2,3,2,True,True,True
16317,4,2,3,2,True,True,True
303666,4,2,3,2,True,True,True
303430,4,2,3,2,True,True,True
303473,4,2,3,2,True,True,True
303700,4,2,3,2,True,True,True
303600,4,2,3,2,True,True,True
303504,4,2,3,2,True,True,True
303487,4,2,3,2,True,True,True
303715,4,2,3,2,True,True,True
303524,4,2,3,2,True,True,True
303451,4,2,3,2,True,True,True
303664,4,2,3,2,True,True,True
303596,4,2,3,2,True,True,True
303517,4,2,3,2,True,True,True
303652,4,2,3,2,True,True,True
303610,4,2,3,2,True,True,True
303400,4,2,3,2,True,True,True
303682,4,2,3,2,True,True,True
303707,4,2,3,2,True,True,True
303377,4,2,3,2,True,True,True
303731,4,2,3,2,True,True,True
303470,4,2,3,2,True,True,True
303479,4,2,3,2,True,True,True
303548,4,2,3,2,True,True,True
303532,4,2,3,2,True,True,True
303674,4,2,3,2,True,True,True
303493,4,2,3,2,True,True,True
303516,4,2,3,2,True,True,True
303696,4,2,3,2,True,True,True
303725,4,2,3,2,True,True,True
303615,4,2,3,2,True,True,True
303680,4,2,3,2,True,True,True
303634,4,2,3,2,True,True,True
303421,4,2,3,2,True,True,True
3773593,4,2,3,2,True,True,True
3773466,4,2,3,2,True,True,True
3773672,4,2,3,2,True,True,True
3773587,4,2,3,2,True,True,True
3773585,4,2,3,2,True,True,True
3773386,4,2,3,2,True,True,True
3773477,4,2,3,2,True,True,True
3773656,4,2,3,2,True,True,True
3773547,4,2,3,2,True,True,True
3773660,4,2,3,2,True,True,True
3773523,4,2,3,2,True,True,True
3773377,4,2,3,2,True,True,True
3773571,4,2,3,2,True,True,True
3764661,4,2,3,2,True,True,True
3773565,4,2,3,2,True,True,True
3773403,4,2,3,2,True,True,True
3773631,4,2,3,2,True,True,True
3773526,4,2,3,2,True,True,True
3764440,4,2,3,2,True,True,True
3773625,4,2,3,2,True,True,True
3773665,4,2,3,2,True,True,True
3773597,4,2,3,2,True,True,True
3773474,4,2,3,2,True,True,True
3773497,4,2,3,2,True,True,True
3773661,4,2,3,2,True,True,True
3773689,4,2,3,2,True,True,True
3773586,4,2,3,2,True,True,True
3773695,4,2,3,2,True,True,True
3773372,4,2,3,2,True,True,True
3773387,4,2,3,2,True,True,True
3773457,4,2,3,2,True,True,True
