competition_name,paired_n,C_Hybrid_macro_f1,TF_Hybrid_macro_f1,C_Hybrid_minus_TF_Hybrid_pp
FA Women's Super League,231,0.7737251512532412,0.7778504385290045,-0.4125287275763334
FIFA World Cup,39,0.6350267379679144,0.5641025641025641,7.092417386535033
Frauen Bundesliga,67,0.7171669793621014,0.7686996547756042,-5.1532675413502815
Indian Super league,39,0.717948717948718,0.6871657754010696,3.078294254764835
La Liga,454,0.7488938053097345,0.7053861129136925,4.350769239604202
Liga F,126,0.6376470588235295,0.7347368421052631,-9.708978328173368
Ligue 1,219,0.67739898989899,0.6374787775891341,3.9920212309855874
NWSL,79,0.5908103592314118,0.6186206896551725,-2.7810330423760687
Premier League,213,0.6746507869745202,0.6525915186661835,2.205926830833671
Serie A,210,0.6694444444444445,0.6584077889624933,1.1036655481951207
Serie A Women,68,0.6753472222222222,0.6421052631578947,3.3241959064327475
