fold,model,train_seconds,inference_seconds,test_n,inference_ms_per_match
1,TF-NN,6.058528487999865,0.09189287099979992,483,0.1902543913039336
1,TF-Hybrid,0.7543728820000979,0.09046983600001113,483,0.18730814906834603
2,TF-NN,6.157059290000689,0.07335274900015065,416,0.17632872355805446
2,TF-Hybrid,4.897143291000248,0.08243980899987946,416,0.19817261778817177
3,TF-NN,7.272482784999738,0.06170610999924975,326,0.18928254600996855
3,TF-Hybrid,10.890876667999692,0.06065455499992822,326,0.18605691717769393
4,TF-NN,2.1423155290003706,0.046054020000156015,256,0.17989851562560943
4,TF-Hybrid,8.12075815299977,0.04704200900050637,256,0.183757847658228
5,TF-NN,11.260289992999788,0.051306569000189484,264,0.19434306439465712
5,TF-Hybrid,8.287039031999484,0.05202463100067689,264,0.1970629962146852
