cohort,protocol,model,fold,seed,n,accuracy,balanced_accuracy,macro_f1,win_precision,win_recall,roc_auc,tn,fp,fn,tp,scope
elite,authoritative_rolling_origin_primary,A-MLP,1,142,166,0.6506024096385542,0.6540697674418605,0.648766963373705,0.7058823529411765,0.5581395348837209,0.6905523255813953,60,20,38,48,fold
elite,authoritative_rolling_origin_primary,A-MLP,2,242,138,0.6304347826086957,0.6237091675447839,0.621673923560716,0.6346153846153846,0.5076923076923077,0.6781875658587988,54,19,32,33,fold
elite,authoritative_rolling_origin_primary,A-MLP,3,342,50,0.9,0.8990384615384616,0.8996386993175431,0.8888888888888888,0.9230769230769231,0.9358974358974359,21,3,2,24,fold
elite,authoritative_rolling_origin_primary,A-MLP,4,442,50,0.78,0.7772435897435898,0.7777777777777778,0.8095238095238095,0.7083333333333334,0.8060897435897436,22,4,7,17,fold
elite,authoritative_rolling_origin_primary,A-MLP,5,542,50,0.76,0.7616747181964574,0.7596153846153846,0.72,0.782608695652174,0.784219001610306,20,7,5,18,fold
elite,authoritative_rolling_origin_primary,A-XGB,1,142,166,0.6445783132530121,0.6491279069767442,0.6408112370264423,0.7142857142857143,0.5232558139534884,0.6863372093023256,62,18,41,45,fold
elite,authoritative_rolling_origin_primary,A-XGB,2,242,138,0.5797101449275363,0.5799789251844046,0.5793567374395627,0.5507246376811594,0.5846153846153846,0.5991570073761854,42,31,27,38,fold
elite,authoritative_rolling_origin_primary,A-XGB,3,342,50,0.88,0.8766025641025641,0.8782467532467533,0.8333333333333334,0.9615384615384616,0.9134615384615385,19,5,1,25,fold
elite,authoritative_rolling_origin_primary,A-XGB,4,442,50,0.74,0.7419871794871795,0.7398959583833533,0.7037037037037037,0.7916666666666666,0.798076923076923,18,8,5,19,fold
elite,authoritative_rolling_origin_primary,A-XGB,5,542,50,0.7,0.7028985507246377,0.6998799519807923,0.6538461538461539,0.7391304347826086,0.7584541062801933,18,9,6,17,fold
elite,authoritative_rolling_origin_primary,B-GNN-full,1,142,166,0.5301204819277109,0.5447674418604651,0.44808184143222507,0.75,0.13953488372093023,0.6340116279069767,76,4,74,12,fold
elite,authoritative_rolling_origin_primary,B-GNN-full,2,242,138,0.6739130434782609,0.6715489989462592,0.6718279342598954,0.6612903225806451,0.6307692307692307,0.7287671232876712,52,21,24,41,fold
elite,authoritative_rolling_origin_primary,B-GNN-full,3,342,50,0.76,0.7532051282051282,0.75,0.7058823529411765,0.9230769230769231,0.8653846153846153,14,10,2,24,fold
elite,authoritative_rolling_origin_primary,B-GNN-full,4,442,50,0.76,0.7644230769230769,0.7584541062801933,0.7,0.875,0.8012820512820513,17,9,3,21,fold
elite,authoritative_rolling_origin_primary,B-GNN-full,5,542,50,0.72,0.7310789049919484,0.7181964573268921,0.6451612903225806,0.8695652173913043,0.8293075684380032,16,11,3,20,fold
elite,authoritative_rolling_origin_primary,C-Hybrid-full,1,142,166,0.6987951807228916,0.7027616279069768,0.6966374269005848,0.7727272727272727,0.5930232558139535,0.7350290697674419,65,15,35,51,fold
elite,authoritative_rolling_origin_primary,C-Hybrid-full,2,242,138,0.6956521739130435,0.6819810326659642,0.6706818181818182,0.8285714285714286,0.4461538461538462,0.7121180189673341,67,6,36,29,fold
elite,authoritative_rolling_origin_primary,C-Hybrid-full,3,342,50,0.88,0.8782051282051282,0.8792270531400965,0.8571428571428571,0.9230769230769231,0.9198717948717948,20,4,2,24,fold
elite,authoritative_rolling_origin_primary,C-Hybrid-full,4,442,50,0.8,0.7996794871794872,0.7996794871794872,0.7916666666666666,0.7916666666666666,0.8173076923076923,21,5,5,19,fold
elite,authoritative_rolling_origin_primary,C-Hybrid-full,5,542,50,0.72,0.7278582930756844,0.719551282051282,0.6551724137931034,0.8260869565217391,0.8341384863123994,17,10,4,19,fold
elite,authoritative_rolling_origin_primary,A-MLP,pooled,multiple_fold_specific,454,0.698237885462555,0.6972826086956522,0.6962202132387776,0.7253886010362695,0.625,0.7453027950310559,177,53,84,140,pooled
elite,authoritative_rolling_origin_primary,A-XGB,pooled,multiple_fold_specific,454,0.6674008810572687,0.667080745341615,0.6670374130000826,0.6697674418604651,0.6428571428571429,0.7030279503105591,159,71,80,144,pooled
elite,authoritative_rolling_origin_primary,B-GNN-full,pooled,multiple_fold_specific,454,0.6453744493392071,0.6438276397515528,0.6396949725682344,0.6820809248554913,0.5267857142857143,0.6551048136645963,175,55,106,118,pooled
elite,authoritative_rolling_origin_primary,C-Hybrid-full,pooled,multiple_fold_specific,454,0.7312775330396476,0.7300077639751552,0.7282397503581732,0.7802197802197802,0.6339285714285714,0.7680124223602485,190,40,82,142,pooled
