fold,model,seed,best_epoch,inner_validation_macro_f1,inner_train_n,inner_validation_n,outer_train_n,outer_test_n
1,B-GNN-globalmean,142,1,0.5870445344129555,134,51,251,166
1,C-Hybrid-globalmean,142,3,0.5952380952380952,134,51,251,166
2,B-GNN-globalmean,242,30,0.6679841897233202,284,84,417,138
2,C-Hybrid-globalmean,242,16,0.7343300747556067,284,84,417,138
3,B-GNN-globalmean,342,24,0.7375886524822695,391,111,550,50
3,C-Hybrid-globalmean,342,7,0.7807642765135251,391,111,550,50
4,B-GNN-globalmean,442,33,0.7431080565101184,414,116,578,50
4,C-Hybrid-globalmean,442,12,0.7593545908567039,414,116,578,50
5,B-GNN-globalmean,542,3,0.7311588831233011,446,128,623,50
5,C-Hybrid-globalmean,542,24,0.7807682896990458,446,128,623,50
