fold,model,selection_seconds,fit_seconds,predict_seconds,total_model_seconds
1,B-GNN-globalmean,2.6462428989998443,0.12862456599987127,0.054088132000060796,2.8289555969997764
1,C-Hybrid-globalmean,1.2827845429999343,0.3951343469998392,0.051992818999906376,1.7299117089996798
2,B-GNN-globalmean,6.783670823999955,6.756107469999961,0.04146151000009013,13.581239804000006
2,C-Hybrid-globalmean,4.311032252999894,3.232438739999907,0.040718654000102106,7.584189646999903
3,B-GNN-globalmean,8.261466578999944,6.9428887750000285,0.01660084399986772,15.22095619799984
3,C-Hybrid-globalmean,4.0536194559999785,1.871739782000077,0.01701109999999062,5.942370338000046
4,B-GNN-globalmean,10.393927369000039,9.646713593000186,0.016603802999952677,20.057244765000178
4,C-Hybrid-globalmean,5.193460130999938,3.5315801360000023,0.01804072899994935,8.74308099599989
5,B-GNN-globalmean,3.7534667400000217,1.254316499999959,0.01772250899989558,5.025505748999876
5,C-Hybrid-globalmean,9.038444797000011,7.397033819999933,0.020560897999985173,16.45603951499993
