permutation_seed,fold,selection_seconds,fit_seconds,predict_seconds,total_model_seconds
1,1,5.758267482000065,3.049385388000019,0.05559412399998109,8.863246994000065
1,2,3.296203913999989,2.2141284550000364,0.06507384099995761,5.575406209999983
1,3,6.053091376000111,3.440933935999965,0.019151921999991828,9.513177234000068
1,4,9.557241985000019,8.295452584000031,0.01864712800011148,17.87134169700016
1,5,5.100628646000132,3.6504537060000075,0.018801546000076996,8.769883898000217
2,1,1.6294869340001696,0.6584567489999245,0.07304459400006635,2.3609882770001605
2,2,3.444745262999959,1.9432486359999075,0.0460466469999119,5.434040545999778
2,3,6.621718347000069,3.670131321000099,0.018630518999998458,10.310480187000167
2,4,6.901950423000017,4.082210191000058,0.02367459000015515,11.00783520400023
2,5,3.3289301479999267,0.8190070649998233,0.023561629999903744,4.171498842999654
3,1,3.830612518999942,3.240536660000089,0.05333904700000858,7.1244882260000395
3,2,5.033645264000143,4.795051190000095,0.05030155500003275,9.87899800900027
3,3,5.871768557999985,4.292186161000018,0.019180674999915936,10.183135393999919
3,4,5.167554869000014,2.8645245969998996,0.018190021000009438,8.050269486999923
3,5,5.711079208000001,2.771788102000073,0.0194559690000915,8.502323279000166
