permutation_seed,fold,training_seed,best_epoch,inner_validation_macro_f1,inner_train_n,inner_validation_n,outer_train_n,outer_test_n
1,1,142,24,0.630277185501066,134,51,251,166
1,2,242,9,0.6659090909090909,284,84,417,138
1,3,342,12,0.7364314789687924,391,111,550,50
1,4,442,25,0.7317298797409806,414,116,578,50
1,5,542,9,0.7343101343101344,446,128,623,50
2,1,142,4,0.5970893970893971,134,51,251,166
2,2,242,9,0.6523476523476524,284,84,417,138
2,3,342,13,0.7342681258549931,391,111,550,50
2,4,442,14,0.7187878787878788,414,116,578,50
2,5,542,2,0.7245280698518108,446,128,623,50
3,1,142,24,0.647130647130647,134,51,251,166
3,2,242,18,0.6597222222222223,284,84,417,138
3,3,342,13,0.7510351966873706,391,111,550,50
3,4,442,10,0.7129358830146232,414,116,578,50
3,5,542,9,0.7265458096807667,446,128,623,50
