competition_id,competition_name,competition_block,n_matches,n_seasons,n_win,n_not_win,win_rate
2,Premier League,2,213,1,96,117,0.4507042253521127
7,Ligue 1,7,219,3,102,117,0.4657534246575342
11,La Liga,11,454,6,224,230,0.4933920704845815
12,Serie A,12,210,1,93,117,0.44285714285714284
37,FA Women's Super League,37,231,3,88,143,0.38095238095238093
43,FIFA World Cup,43,39,1,21,18,0.5384615384615384
49,NWSL,49,79,1,34,45,0.43037974683544306
131,Serie A Women,131,68,1,33,35,0.4852941176470588
135,Frauen Bundesliga,135,67,1,31,36,0.4626865671641791
182,Liga F,182,126,1,54,72,0.42857142857142855
1238,Indian Super league,1238,39,1,18,21,0.46153846153846156
