competition_id,competition_name,season_id,competition_season_block,n_matches,n_win,n_not_win,win_rate
2,Premier League,27,2__27,213,96,117,0.4507042253521127
7,Ligue 1,27,7__27,177,81,96,0.4576271186440678
7,Ligue 1,108,7__108,21,13,8,0.6190476190476191
7,Ligue 1,235,7__235,21,8,13,0.38095238095238093
11,La Liga,1,11__1,33,15,18,0.45454545454545453
11,La Liga,2,11__2,30,16,14,0.5333333333333333
11,La Liga,4,11__4,32,14,18,0.4375
11,La Liga,27,11__27,295,148,147,0.5016949152542373
11,La Liga,42,11__42,33,18,15,0.5454545454545454
11,La Liga,90,11__90,31,13,18,0.41935483870967744
12,Serie A,27,12__27,210,93,117,0.44285714285714284
37,FA Women's Super League,42,37__42,5,1,4,0.2
37,FA Women's Super League,90,37__90,99,40,59,0.40404040404040403
37,FA Women's Super League,281,37__281,127,47,80,0.3700787401574803
43,FIFA World Cup,106,43__106,39,21,18,0.5384615384615384
49,NWSL,107,49__107,79,34,45,0.43037974683544306
131,Serie A Women,281,131__281,68,33,35,0.4852941176470588
135,Frauen Bundesliga,281,135__281,67,31,36,0.4626865671641791
182,Liga F,281,182__281,126,54,72,0.42857142857142855
1238,Indian Super league,108,1238__108,39,18,21,0.46153846153846156
