cluster_type,omitted_cluster,comparison,comparison_role,remaining_n,macro_f1_difference_pp,accuracy_difference_pp
competition_season_block,11__1,C-Hybrid-full vs A-MLP,original_main_global_comparison,1712,3.9704853581351784,3.2126168224299034
competition_season_block,11__1,C-Hybrid-full vs TF-Hybrid,graph_specific_comparison,1712,1.5630261030211257,1.0514018691588745
competition_season_block,11__1,TF-Hybrid vs A-MLP,topology_free_complementarity,1712,2.407459255114053,2.161214953271029
competition_season_block,11__1,B-GNN-full vs TF-NN,standalone_graph_specific_comparison,1712,1.7932780286531225,-0.17523364485980686
competition_season_block,11__2,C-Hybrid-full vs A-MLP,original_main_global_comparison,1715,4.078320765614974,3.3236151603498576
competition_season_block,11__2,C-Hybrid-full vs TF-Hybrid,graph_specific_comparison,1715,1.435090522664706,0.932944606413999
competition_season_block,11__2,TF-Hybrid vs A-MLP,topology_free_complementarity,1715,2.6432302429502674,2.3906705539358586
competition_season_block,11__2,B-GNN-full vs TF-NN,standalone_graph_specific_comparison,1715,1.6371900245180537,-0.3498542274052441
competition_season_block,11__27,C-Hybrid-full vs A-MLP,original_main_global_comparison,1450,3.0429265233716585,2.4827586206896624
competition_season_block,11__27,C-Hybrid-full vs TF-Hybrid,graph_specific_comparison,1450,0.2536491915603012,-0.06896551724137057
competition_season_block,11__27,TF-Hybrid vs A-MLP,topology_free_complementarity,1450,2.7892773318113573,2.551724137931033
competition_season_block,11__27,B-GNN-full vs TF-NN,standalone_graph_specific_comparison,1450,2.300014797506955,0.13793103448276334
competition_season_block,11__4,C-Hybrid-full vs A-MLP,original_main_global_comparison,1713,3.963440431288179,3.21074138937536
competition_season_block,11__4,C-Hybrid-full vs TF-Hybrid,graph_specific_comparison,1713,1.4932525938860852,0.9924109748978394
competition_season_block,11__4,TF-Hybrid vs A-MLP,topology_free_complementarity,1713,2.4701878374020936,2.2183304144775207
competition_season_block,11__4,B-GNN-full vs TF-NN,standalone_graph_specific_comparison,1713,1.725314379018772,-0.17513134851138146
competition_season_block,11__42,C-Hybrid-full vs A-MLP,original_main_global_comparison,1712,3.836946220410442,3.0957943925233655
competition_season_block,11__42,C-Hybrid-full vs TF-Hybrid,graph_specific_comparison,1712,1.4417264124793716,0.9345794392523366
competition_season_block,11__42,TF-Hybrid vs A-MLP,topology_free_complementarity,1712,2.3952198079310705,2.161214953271029
competition_season_block,11__42,B-GNN-full vs TF-NN,standalone_graph_specific_comparison,1712,1.6383345905785607,-0.29205607476635587
competition_season_block,11__90,C-Hybrid-full vs A-MLP,original_main_global_comparison,1714,4.062647266677322,3.325554259043173
competition_season_block,11__90,C-Hybrid-full vs TF-Hybrid,graph_specific_comparison,1714,1.542767139075718,1.0501750291715295
competition_season_block,11__90,TF-Hybrid vs A-MLP,topology_free_complementarity,1714,2.5198801276016036,2.2753792298716435
competition_season_block,11__90,B-GNN-full vs TF-NN,standalone_graph_specific_comparison,1714,2.0058866510080042,0.1166861143523934
competition_season_block,1238__108,C-Hybrid-full vs A-MLP,original_main_global_comparison,1706,3.768626252274754,3.0480656506447823
competition_season_block,1238__108,C-Hybrid-full vs TF-Hybrid,graph_specific_comparison,1706,1.4133352793334941,0.9378663540445475
competition_season_block,1238__108,TF-Hybrid vs A-MLP,topology_free_complementarity,1706,2.3552909729412597,2.1101992966002348
competition_season_block,1238__108,B-GNN-full vs TF-NN,standalone_graph_specific_comparison,1706,1.3794575533773834,-0.4689331770222793
competition_season_block,12__27,C-Hybrid-full vs A-MLP,original_main_global_comparison,1535,4.092719926462074,3.4527687296416976
competition_season_block,12__27,C-Hybrid-full vs TF-Hybrid,graph_specific_comparison,1535,1.5009875500116565,1.042345276872969
competition_season_block,12__27,TF-Hybrid vs A-MLP,topology_free_complementarity,1535,2.5917323764504174,2.4104234527687285
competition_season_block,12__27,B-GNN-full vs TF-NN,standalone_graph_specific_comparison,1535,1.342238604603374,-0.3908794788273662
competition_season_block,131__281,C-Hybrid-full vs A-MLP,original_main_global_comparison,1677,4.022021376288665,3.2796660703637404
competition_season_block,131__281,C-Hybrid-full vs TF-Hybrid,graph_specific_comparison,1677,1.379223262187712,0.8944543828264817
competition_season_block,131__281,TF-Hybrid vs A-MLP,topology_free_complementarity,1677,2.6427981141009527,2.3852116875372587
competition_season_block,131__281,B-GNN-full vs TF-NN,standalone_graph_specific_comparison,1677,1.1534878789854597,-0.7155635062611743
competition_season_block,135__281,C-Hybrid-full vs A-MLP,original_main_global_comparison,1678,4.256958730591065,3.456495828367101
competition_season_block,135__281,C-Hybrid-full vs TF-Hybrid,graph_specific_comparison,1678,1.6978725036057352,1.1918951132300348
competition_season_block,135__281,TF-Hybrid vs A-MLP,topology_free_complementarity,1678,2.55908622698533,2.264600715137066
competition_season_block,135__281,B-GNN-full vs TF-NN,standalone_graph_specific_comparison,1678,1.3664143232677395,-0.47675804529201393
competition_season_block,182__281,C-Hybrid-full vs A-MLP,original_main_global_comparison,1619,4.435470283246968,3.7059913526868438
competition_season_block,182__281,C-Hybrid-full vs TF-Hybrid,graph_specific_comparison,1619,2.2845702777019916,1.7912291537986458
competition_season_block,182__281,TF-Hybrid vs A-MLP,topology_free_complementarity,1619,2.1509000055449756,1.914762198888198
competition_season_block,182__281,B-GNN-full vs TF-NN,standalone_graph_specific_comparison,1619,1.876562248542113,0.0
competition_season_block,2__27,C-Hybrid-full vs A-MLP,original_main_global_comparison,1532,3.494740454874279,2.872062663185382
competition_season_block,2__27,C-Hybrid-full vs TF-Hybrid,graph_specific_comparison,1532,1.3536700671030744,0.9138381201044377
competition_season_block,2__27,TF-Hybrid vs A-MLP,topology_free_complementarity,1532,2.1410703877712045,1.9582245430809442
competition_season_block,2__27,B-GNN-full vs TF-NN,standalone_graph_specific_comparison,1532,1.9148100945841517,0.06527415143602333
competition_season_block,37__281,C-Hybrid-full vs A-MLP,original_main_global_comparison,1618,4.272400567718626,3.5228677379480766
competition_season_block,37__281,C-Hybrid-full vs TF-Hybrid,graph_specific_comparison,1618,1.7011390087738554,1.174289245982696
competition_season_block,37__281,TF-Hybrid vs A-MLP,topology_free_complementarity,1618,2.5712615589447707,2.3485784919653807
competition_season_block,37__281,B-GNN-full vs TF-NN,standalone_graph_specific_comparison,1618,1.495396350343381,-0.30902348578492056
competition_season_block,37__42,C-Hybrid-full vs A-MLP,original_main_global_comparison,1740,3.7612686679441065,3.0459770114942497
competition_season_block,37__42,C-Hybrid-full vs TF-Hybrid,graph_specific_comparison,1740,1.3911855399659556,0.919540229885063
competition_season_block,37__42,TF-Hybrid vs A-MLP,topology_free_complementarity,1740,2.370083127978151,2.1264367816091867
competition_season_block,37__42,B-GNN-full vs TF-NN,standalone_graph_specific_comparison,1740,1.6631155896222993,-0.22988505747125743
competition_season_block,37__90,C-Hybrid-full vs A-MLP,original_main_global_comparison,1646,4.181172711929504,3.402187120291611
competition_season_block,37__90,C-Hybrid-full vs TF-Hybrid,graph_specific_comparison,1646,1.5402659746400649,1.0328068043742311
competition_season_block,37__90,TF-Hybrid vs A-MLP,topology_free_complementarity,1646,2.640906737289439,2.36938031591738
competition_season_block,37__90,B-GNN-full vs TF-NN,standalone_graph_specific_comparison,1646,1.802375998581729,-0.18226002430132837
competition_season_block,43__106,C-Hybrid-full vs A-MLP,original_main_global_comparison,1706,3.9180203579502804,3.165298944900352
competition_season_block,43__106,C-Hybrid-full vs TF-Hybrid,graph_specific_comparison,1706,1.302814740541669,0.8206330597889777
competition_season_block,43__106,TF-Hybrid vs A-MLP,topology_free_complementarity,1706,2.6152056174086113,2.3446658851113744
competition_season_block,43__106,B-GNN-full vs TF-NN,standalone_graph_specific_comparison,1706,1.6726432099480881,-0.23446658851113966
competition_season_block,49__107,C-Hybrid-full vs A-MLP,original_main_global_comparison,1666,3.5890625128527254,2.881152460984393
competition_season_block,49__107,C-Hybrid-full vs TF-Hybrid,graph_specific_comparison,1666,1.6569066125309617,1.2004801920768249
competition_season_block,49__107,TF-Hybrid vs A-MLP,topology_free_complementarity,1666,1.9321559003217637,1.6806722689075682
competition_season_block,49__107,B-GNN-full vs TF-NN,standalone_graph_specific_comparison,1666,2.028342939317185,0.24009603841537164
competition_season_block,7__108,C-Hybrid-full vs A-MLP,original_main_global_comparison,1724,3.623162629790966,2.9002320185614883
competition_season_block,7__108,C-Hybrid-full vs TF-Hybrid,graph_specific_comparison,1724,1.258775928404865,0.7540603248259892
competition_season_block,7__108,TF-Hybrid vs A-MLP,topology_free_complementarity,1724,2.364386701386101,2.146171693735499
competition_season_block,7__108,B-GNN-full vs TF-NN,standalone_graph_specific_comparison,1724,1.3697714116502446,-0.5220417633410745
competition_season_block,7__235,C-Hybrid-full vs A-MLP,original_main_global_comparison,1724,3.9182398207378677,3.190255220417637
competition_season_block,7__235,C-Hybrid-full vs TF-Hybrid,graph_specific_comparison,1724,1.53324165394646,1.044083526682138
competition_season_block,7__235,TF-Hybrid vs A-MLP,topology_free_complementarity,1724,2.3849981667914077,2.146171693735499
competition_season_block,7__235,B-GNN-full vs TF-NN,standalone_graph_specific_comparison,1724,1.9261064200443712,0.058004640371234206
competition_season_block,7__27,C-Hybrid-full vs A-MLP,original_main_global_comparison,1568,3.065751668794503,2.359693877551017
competition_season_block,7__27,C-Hybrid-full vs TF-Hybrid,graph_specific_comparison,1568,1.2300815525024822,0.7653061224489832
competition_season_block,7__27,TF-Hybrid vs A-MLP,topology_free_complementarity,1568,1.8356701162920208,1.5943877551020336
competition_season_block,7__27,B-GNN-full vs TF-NN,standalone_graph_specific_comparison,1568,1.2034078105567225,-0.6377551020408156
